{
    "name": "Bug sized",
    "description": "You are smaller\n(1 block)",
    "type": "origins:action_on_callback",
    "entity_action_chosen": {
        "type": "origins:and",
        "actions": [
            {
                "type": "origins:execute_command",
                "command": "scale set pehkui:height 0.50"
            },
            {
                "type": "origins:execute_command",
                "command": "scale set pehkui:width 0.50"
            },
            {
                "type": "origins:execute_command",
                "command": "scale set pehkui:motion 2"
            },
            {
                "type": "origins:execute_command",
                "command": "scale persist set true"
            }
        ]
    },
    "execute_chosen_when_orb": true,
    "entity_action_lost": {
        "type": "origins:execute_command",
        "command": "scale reset"
    }
}