{
    "name": " Hover",
    "description": "You can hover in the sky\n(side note it has a stamina system)",
    "type": "origins:multiple",
    "flight": {
        "condition": {
            "type": "origins:resource",
            "resource": "*:*_timer",
            "comparison": ">",
            "compare_to": 1
        },
        "type": "origins:creative_flight"
    },
    "timer": {
        "type": "origins:resource",
        "min": 0,
        "max": 200,
        "hud_render": {
            "should_render": true,
            "bar_index": 4
        }
    },
    "countdown": {
        "type": "origins:action_over_time",
        "interval": 2,
        "entity_action": {
            "type": "origins:if_else",
            "condition": {
                "type": "origins:creative_flying"
            },
            "if_action": {
                "type": "origins:change_resource",
                "resource": "*:*_timer",
                "change": -2,
                "operation": "add"
            },
            "else_action": {
                "type": "origins:change_resource",
                "resource": "*:*_timer",
                "change": 1,
                "operation": "add"
            }
        }
    }
}