{
    "powers": [
        "moonling:rockpowered",
        "moonling:orbit",
        "moonling:smallmoon",
        "moonling:speedy",
        "moonling:lowgravity",
        "moonling:heavyarmour",
        "moonling:mischievous",
        "moonling:bigbro",
        "moonling:moon",
        "moonling:playerjockey"
    ],
    "icon": {
        "item": "minecraft:stone"
    },
    "impact": 2,
    "name": "Moonling",
    "description": "A literal celestial being personified into a mischievous and chaotic little creature."
}