{
    "name": "Slasher",
    "description": "Rotten creatures of the night that are extremly powerful",
    "powers": [
        "origins:fall_immunity",
        "boxed:rotten",
        "boxed:dash",
        "boxed:weakness",
        "boxed:built_different",
        "boxed:rottentothecore",
        "origins:nine_lives",
        "boxed:blind",
        "origins:carnivore",
        "origins:no_shield",
        "boxed:ambient",
        "boxed:shack",
        "boxed:no_armo",
        "boxed:skyblue"
    ],
    "icon": {
        "item": "minecraft:mangrove_roots"
    },
    "impact": 3
}