{
    "hidden": true,
    "type": "origins:action_over_time",
    "interval": 200,
    "entity_action": {
        "type": "origins:chance",
        "chance": 0.5,
        "action": {
            "type": "origins:choice",
            "actions": [
                {
                    "weight": 10,
                    "element": {
                        "type": "origins:execute_command",
                        "command": "playsound minecraft:entity.enderman.hurt master @a ~ ~ ~ 1 1.20"
                    }
                },
                {
                    "weight": 10,
                    "element": {
                        "type": "origins:execute_command",
                        "command": "playsound minecraft:entity.allay.hurt master @a ~ ~ ~ 1 1.1"
                    }
                },
                {
                    "weight": 10,
                    "element": {
                        "type": "origins:execute_command",
                        "command": "playsound minecraft:entity.axolotl.idle_air master @a ~ ~ ~ 1.5 0.1"
                    }
                }
            ]
        }
    }
}