{
    "name": "Blink",
    "description": "You can blink(teleport in a short distance)",
    "badges": [
        {
            "type": "origins:keybind",
            "text": "Relocate with %s!",
            "sprite": "origins:textures/gui/badge/active.png"
        },
        {
            "type": "origins:tooltip",
            "text": "After blinking you can phase through walls for slightly less then a second.",
            "sprite": "origins:textures/gui/badge/info.png"
        }
    ],
    "type": "origins:multiple",
    "resource": {
        "type": "origins:resource",
        "min": 0,
        "max": 1,
        "hud_render": {
            "should_render": false
        }
    },
    "invis": {
        "condition": {
            "type": "origins:and",
            "conditions": [
                {
                    "type": "origins:resource",
                    "resource": "*:*_resource",
                    "comparison": "==",
                    "compare_to": 1
                },
                {
                    "inverted": true,
                    "type": "origins:riding"
                }
            ]
        },
        "type": "origins:invisibility",
        "render_armor": false
    },
    "phase": {
        "condition": {
            "type": "origins:and",
            "conditions": [
                {
                    "type": "origins:resource",
                    "resource": "*:*_resource",
                    "comparison": "==",
                    "compare_to": 1
                },
                {
                    "inverted": true,
                    "type": "origins:riding"
                }
            ]
        },
        "type": "origins:phasing",
        "block_condition": {
            "type": "origins:in_tag",
            "tag": "origins:unphasable"
        },
        "blacklist": true,
        "render_type": "none",
        "view_distance": 10
    },
    "no_collision": {
        "condition": {
            "type": "origins:and",
            "conditions": [
                {
                    "type": "origins:resource",
                    "resource": "*:*_resource",
                    "comparison": "==",
                    "compare_to": 1
                },
                {
                    "inverted": true,
                    "type": "origins:riding"
                }
            ]
        },
        "type": "origins:prevent_entity_collision"
    },
    "overlay": {
        "condition": {
            "type": "origins:resource",
            "resource": "*:*_resource",
            "comparison": "==",
            "compare_to": 1
        },
        "type": "origins:overlay",
        "texture": "minecraft:textures/misc/powder_snow_outline.png",
        "strength": 1,
        "red": 0.4,
        "green": 0.17,
        "blue": 0.8,
        "draw_mode": "nausea",
        "draw_phase": "below_hud",
        "hide_with_hud": false,
        "visible_in_third_person": true
    },
    "overlay2": {
        "condition": {
            "type": "origins:resource",
            "resource": "*:*_resource",
            "comparison": "==",
            "compare_to": 1
        },
        "type": "origins:overlay",
        "texture": "minecraft:textures/misc/nausea.png",
        "strength": 0.3,
        "red": 0.4,
        "green": 0.17,
        "blue": 0.8,
        "draw_mode": "texture",
        "draw_phase": "above_hud",
        "hide_with_hud": false,
        "visible_in_third_person": true
    },
    "activate": {
        "condition": {
            "type": "origins:and",
            "conditions": [
                {
                    "type": "origins:raycast",
                    "distance": 20,
                    "shape_type": "outline",
                    "block": true,
                    "entity": false,
                    "fluid_handling": "water"
                },
                {
                    "inverted": true,
                    "type": "origins:riding"
                }
            ]
        },
        "type": "origins:active_self",
        "entity_action": {
            "type": "origins:raycast",
            "distance": 20,
            "block": true,
            "entity": false,
            "shape_type": "outline",
            "fluid_handling": "water",
            "command_at_hit": "tp @s ~ ~ ~",
            "before_action": {
                "type": "origins:and",
                "actions": [
                    {
                        "type": "origins:execute_command",
                        "command": "effect give @s minecraft:darkness 2 0 true"
                    },
                    {
                        "type": "origins:execute_command",
                        "command": "playsound minecraft:entity.enderman.teleport master @a ~ ~ ~ 1 1"
                    },
                    {
                        "type": "origins:execute_command",
                        "command": "playsound minecraft:entity.allay.ambient_without_item master @a ~ ~ ~ 0.5 0"
                    },
                    {
                        "type": "origins:execute_command",
                        "command": "playsound minecraft:entity.ghast.scream master @a ~ ~ ~ 0.2 2"
                    },
                    {
                        "type": "origins:execute_command",
                        "command": "playsound minecraft:entity.ender_dragon.hurt master @a ~ ~ ~ 0.5 2"
                    },
                    {
                        "type": "origins:execute_command",
                        "command": "playsound minecraft:entity.ender_dragon.hurt master @a ~ ~ ~ 0.7 1"
                    },
                    {
                        "type": "origins:execute_command",
                        "command": "playsound minecraft:entity.ender_dragon.hurt master @a ~ ~ ~ 1 0"
                    },
                    {
                        "type": "origins:execute_command",
                        "command": "playsound minecraft:item.lodestone_compass.lock master @a ~ ~ ~ 1 2"
                    },
                    {
                        "type": "origins:execute_command",
                        "command": "particle minecraft:dust_color_transition 0.57 0.13 0.92 3 0.92 0.41 0.13 ~ ~ ~ 0.2 0.3 0.2 0 50 normal"
                    },
                    {
                        "type": "origins:execute_command",
                        "command": "particle minecraft:flash ~ ~ ~ 0.1 0.1 0.1 0 30 normal"
                    },
                    {
                        "type": "origins:execute_command",
                        "command": "particle minecraft:wax_off ~ ~ ~ 0.2 0.3 0.2 0 60 normal"
                    },
                    {
                        "type": "origins:change_resource",
                        "resource": "*:*_resource",
                        "change": 1,
                        "operation": "set"
                    },
                    {
                        "type": "origins:delay",
                        "ticks": 15,
                        "action": {
                            "type": "origins:change_resource",
                            "resource": "*:*_resource",
                            "change": 0,
                            "operation": "set"
                        }
                    },
                    {
                        "type": "origins:delay",
                        "ticks": 15,
                        "action": {
                            "type": "origins:play_sound",
                            "sound": "minecraft:item.lodestone_compass.lock",
                            "volume": 5,
                            "pitch": 0.7
                        }
                    },
                    {
                        "type": "origins:delay",
                        "ticks": 1,
                        "action": {
                            "type": "origins:execute_command",
                            "command": "playsound minecraft:entity.enderman.teleport master @a ~ ~ ~ 1 1"
                        }
                    },
                    {
                        "type": "origins:delay",
                        "ticks": 15,
                        "action": {
                            "type": "origins:execute_command",
                            "command": "particle minecraft:dust_color_transition 0.57 0.13 0.92 3 0.92 0.41 0.13 ~ ~ ~ 0.2 0.3 0.2 0 50 normal"
                        }
                    },
                    {
                        "type": "origins:delay",
                        "ticks": 15,
                        "action": {
                            "type": "origins:execute_command",
                            "command": "particle minecraft:flash ~ ~ ~ 0.1 0.1 0.1 0 30 normal"
                        }
                    },
                    {
                        "type": "origins:delay",
                        "ticks": 15,
                        "action": {
                            "type": "origins:execute_command",
                            "command": "particle minecraft:wax_off ~ ~ ~ 0.2 0.3 0.2 0 60 normal"
                        }
                    }
                ]
            }
        },
        "cooldown": 60,
        "hud_render": {
            "should_render": true,
            "sprite_location": "origins:textures/gui/community/huang/resource_bar_01.png",
            "bar_index": 1
        }
    }
}