{
    "name": "Low Gravity",
    "description": "You're a being from space so gravity works differently around you",
    "type": "origins:action_on_callback",
    "entity_action_chosen": {
        "type": "origins:and",
        "actions": [
            {
                "type": "origins:execute_command",
                "command": "scale set pehkui:jump_height 2"
            },
            {
                "type": "origins:execute_command",
                "command": "scale persist set true"
            }
        ]
    },
    "execute_chosen_when_orb": true,
    "entity_action_lost": {
        "type": "origins:execute_command",
        "command": "scale reset"
    }
}