{
    "name": "Pyroblast",
    "description": "You can unleash terrifying fireballs",
    "type": "origins:multiple",
    "fireball": {
        "type": "origins:fire_projectile",
        "entity_type": "item",
        "cooldown": 180,
        "hud_render": {
            "should_render": true,
            "sprite_location": "origins:textures/gui/community/huang/resource_bar_02.png",
            "bar_index": 15
        },
        "count": 1,
        "interval": 0,
        "start_delay": 0,
        "speed": 1.5,
        "divergence": 0,
        "sound": "entity.warden.sonic_boom",
        "tag": "{NoGravity:1b,Age:5960,PickupDelay:32767,Tags:[\"edafireball\"],Item:{id:\"minecraft:magma_block\",Count:1b}}",
        "key": {
            "key": "key.origins.secondary_active"
        }
    },
    "damage": {
        "type": "origins:action_over_time",
        "interval": 1,
        "entity_action": {
            "type": "origins:area_of_effect",
            "radius": 32,
            "bientity_condition": {
                "type": "origins:target_condition",
                "condition": {
                    "type": "origins:and",
                    "conditions": [
                        {
                            "type": "origins:entity_type",
                            "entity_type": "item"
                        },
                        {
                            "type": "origins:command",
                            "command": "execute if entity @s[tag=edafireball]",
                            "comparison": ">=",
                            "compare_to": 1
                        }
                    ]
                }
            },
            "bientity_action": {
                "type": "origins:target_action",
                "action": {
                    "type": "origins:and",
                    "actions": [
                        {
                            "type": "origins:execute_command",
                            "command": "particle minecraft:lava ~ ~.5 ~ .2 .2 .2 0 1 normal"
                        },
                        {
                            "type": "origins:area_of_effect",
                            "radius": 2,
                            "bientity_condition": {
                                "type": "origins:target_condition",
                                "condition": {
                                    "inverted": true,
                                    "type": "origins:command",
                                    "command": "execute if entity @s[tag=eda]",
                                    "comparison": ">=",
                                    "compare_to": 1
                                }
                            },
                            "bientity_action": {
                                "type": "origins:and",
                                "actions": [
                                    {
                                        "type": "origins:damage",
                                        "amount": 10,
                                        "source": {
                                            "name": "inFire",
                                            "bypasses_armor": true,
                                            "fire": true,
                                            "unblockable": true,
                                            "magic": true
                                        }
                                    },
                                    {
                                        "type": "origins:add_velocity",
                                        "y": 0.3,
                                        "z": 0.8,
                                        "client": true,
                                        "server": true
                                    },
                                    {
                                        "type": "origins:target_action",
                                        "action": {
                                            "type": "origins:set_on_fire",
                                            "duration": 6
                                        }
                                    },
                                    {
                                        "type": "origins:actor_action",
                                        "action": {
                                            "type": "origins:and",
                                            "actions": [
                                                {
                                                    "type": "origins:execute_command",
                                                    "command": "particle minecraft:explosion_emitter ~ ~.5 ~ .2 .2 .2 0.1 10 normal"
                                                },
                                                {
                                                    "type": "origins:execute_command",
                                                    "command": "kill"
                                                }
                                            ]
                                        }
                                    }
                                ]
                            }
                        }
                    ]
                }
            }
        }
    },
    "tag": {
        "type": "origins:action_on_callback",
        "entity_action_chosen": {
            "type": "origins:execute_command",
            "command": "tag @s add eda"
        },
        "execute_chosen_when_orb": true,
        "entity_action_lost": {
            "type": "origins:execute_command",
            "command": "tag @s remove eda"
        },
        "entity_action_added": {
            "type": "origins:execute_command",
            "command": "tag @s add eda"
        },
        "entity_action_respawned": {
            "type": "origins:execute_command",
            "command": "tag @s add eda"
        }
    }
}