{
    "name": "Spectral Flight",
    "description": "You can launch yourself into the sky then gently float down",
    "type": "origins:active_self",
    "entity_action": {
        "type": "origins:and",
        "actions": [
            {
                "type": "origins:apply_effect",
                "effect": {
                    "effect": "minecraft:levitation",
                    "duration": 30,
                    "amplifier": 10,
                    "ambient": true,
                    "show_particles": false,
                    "show_icon": true
                }
            }
        ]
    },
    "cooldown": 150,
    "hud_render": {
        "should_render": true,
        "sprite_location": "origins:textures/gui/community/huang/resource_bar_01.png",
        "bar_index": 4
    },
    "key": {
        "key": "key.origins.primary_active",
        "continuous": false
    }
}