{
    "name": "Need for mobility",
    "description": "You cannot wear anything higher then iron so you can keep floating",
    "type": "origins:restrict_armor",
    "head": {
        "type": "origins:armor_value",
        "comparison": ">=",
        "compare_to": 3
    },
    "chest": {
        "type": "origins:armor_value",
        "comparison": ">=",
        "compare_to": 7
    },
    "legs": {
        "type": "origins:armor_value",
        "comparison": ">=",
        "compare_to": 6
    },
    "feet": {
        "type": "origins:armor_value",
        "comparison": ">=",
        "compare_to": 3
    }
}