{
    "hidden": true,
    "type": "origins:action_over_time",
    "interval": 200,
    "entity_action": {
        "type": "origins:chance",
        "chance": 0.5,
        "action": {
            "type": "origins:choice",
            "actions": [
                {
                    "weight": 10,
                    "element": {
                        "type": "origins:execute_command",
                        "command": "playsound minecraft:block.beacon.power_select master @a ~ ~ ~ 2 0.2"
                    }
                },
                {
                    "weight": 10,
                    "element": {
                        "type": "origins:execute_command",
                        "command": "playsound minecraft:ambient.cave master @a ~ ~ ~ 2 1"
                    }
                },
                {
                    "weight": 10,
                    "element": {
                        "type": "origins:execute_command",
                        "command": "playsound minecraft:entity.zoglin.angry master @a ~ ~ ~ 2 0.2"
                    }
                }
            ]
        }
    }
}