{
    "name": "Built Different",
    "description": "You push your body to the limits",
    "type": "origins:multiple",
    "built_different": {
        "type": "origins:stacking_status_effect",
        "min_stacks": 0,
        "max_stacks": 1,
        "duration_per_stack": 80,
        "tick_rate": 10,
        "effects": [
            {
                "effect": "minecraft:regeneration",
                "duration": 100,
                "amplifier": 0,
                "is_ambient": true,
                "show_particles": false,
                "show_icon": true
            },
            {
                "effect": "minecraft:speed",
                "duration": 100,
                "amplifier": 3,
                "is_ambient": true,
                "show_particles": false,
                "show_icon": true
            },
            {
                "effect": "minecraft:jump_boost",
                "duration": 100,
                "amplifier": 1,
                "is_ambient": true,
                "show_particles": false,
                "show_icon": true
            },
            {
                "effect": "minecraft:strength",
                "duration": 100,
                "amplifier": 1,
                "is_ambient": true,
                "show_particles": false,
                "show_icon": true
            }
        ]
    }
}