{
    "name": "Claw Dash",
    "description": "You can dash slightly while not in flight",
    "type": "origins:multiple",
    "dash": {
        "condition": {
            "type": "origins:and",
            "conditions": [
                {
                    "inverted": true,
                    "type": "origins:fall_flying"
                },
                {
                    "type": "origins:food_level",
                    "comparison": ">",
                    "compare_to": 6
                }
            ]
        },
        "type": "origins:active_self",
        "entity_action": {
            "type": "origins:and",
            "actions": [
                {
                    "type": "origins:add_velocity",
                    "y": 4,
                    "z": 3,
                    "space": "local",
                    "client": true,
                    "server": true
                },
                {
                    "type": "origins:change_resource",
                    "resource": "*:dash_resource",
                    "change": 1,
                    "operation": "set"
                },
                {
                    "type": "origins:delay",
                    "action": {
                        "type": "origins:change_resource",
                        "resource": "*:dash_resource",
                        "change": 0,
                        "operation": "set"
                    },
                    "ticks": 30
                },
                {
                    "type": "origins:execute_command",
                    "command": "playsound minecraft:entity.ender_dragon.growl @a ~ ~ ~ 2 1"
                },
                {
                    "type": "origins:execute_command",
                    "command": "particle minecraft:explosion_emitter ~ ~ ~"
                },
                {
                    "type": "origins:exhaust",
                    "amount": 0.2
                }
            ]
        },
        "cooldown": 120,
        "hud_render": {
            "should_render": true,
            "sprite_location": "origins:textures/gui/community/spiderkolo/resource_bar_03.png",
            "bar_index": 23
        },
        "key": "secondary"
    },
    "resource": {
        "type": "origins:resource",
        "min": 0,
        "max": 1,
        "start_value": 0,
        "hud_render": {
            "should_render": false
        }
    },
    "no_fall": {
        "condition": {
            "type": "origins:resource",
            "resource": "*:dash_resource",
            "comparison": "==",
            "compare_to": 1
        },
        "type": "origins:invulnerability",
        "damage_condition": {
            "type": "origins:name",
            "name": "fall"
        }
    }
}