{
    "hidden": true,
    "type": "origins:restrict_armor",
    "head": {
        "type": "origins:armor_value",
        "comparison": ">=",
        "compare_to": 1
    },
    "chest": {
        "type": "origins:armor_value",
        "comparison": ">=",
        "compare_to": 1
    },
    "legs": {
        "type": "origins:armor_value",
        "comparison": ">=",
        "compare_to": 1
    },
    "feet": {
        "type": "origins:armor_value",
        "comparison": ">=",
        "compare_to": 1
    }
}