{
    "name": "All Mighty Screech",
    "description": "Everything around you gets scared\n[priamry]",
    "badges": [
        {
            "type": "origins:keybind",
            "text": "ouchy my ears!",
            "sprite": "origins:textures/gui/badge/info.png"
        }
    ],
    "type": "origins:multiple",
    "key0": {
        "type": "origins:active_self",
        "entity_action": {
            "type": "origins:execute_command",
            "command": "playsound minecraft:entity.enderman.stare master @a ~ ~ ~ 5 0.10"
        }
    },
    "key1": {
        "type": "origins:active_self",
        "entity_action": {
            "type": "origins:spawn_effect_cloud",
            "radius": 8,
            "radius_on_use": 0,
            "wait_time": 10,
            "effect": {
                "effect": "minecraft:weakness",
                "duration": 120,
                "amplifier": 1,
                "show_particles": false,
                "show_icon": true
            }
        },
        "cooldown": 230,
        "hud_render": {
            "should_render": true,
            "sprite_location": "origins:textures/gui/community/spiderkolo/resource_bar_02.png",
            "bar_index": 2
        },
        "key": {
            "key": "key.origins.primary_active"
        }
    }
}