{
    "name": "Glass weaver",
    "description": "You're a bug like creature that makes soldiers and weapons from glass",
    "powers": [
        "glass_weaver:glass_maker",
        "glass_weaver:wing_pocket",
        "glass_weaver:glass_cannon",
        "glass_weaver:horns",
        "glass_weaver:hard_shell",
        "glass_weaver:wings",
        "glass_weaver:beetle_like_body",
        "glass_weaver:melting_point",
        "glass_weaver:large_apatite",
        "glass_weaver:big_frame",
        "glass_weaver:cave_spawn",
        "glass_weaver:startup",
        "glass_weaver:credits",
        "glass_weaver:glass"
    ],
    "icon": {
        "item": "minecraft:tinted_glass"
    },
    "impact": 3
}