{
    "name": "Ore Disguise",
    "description": "You can disguise yourself as any ore to hide in plain sight.",
    "badges": [
        {
            "type": "origins:tooltip",
            "text": [
                "Press [",
                {
                    "keybind": "key.origins.primary_active"
                },
                "] to transform into an ore!"
            ],
            "sprite": "origins:textures/gui/badge/active.png"
        },
        {
            "type": "origins:tooltip",
            "text": [
                "While disguised press [",
                {
                    "keybind": "key.origins.secondary_active"
                },
                "] to snap to the grid."
            ],
            "sprite": "origins:textures/gui/badge/active.png"
        },
        {
            "type": "origins:tooltip",
            "text": "To change what ore you are simply hold the desired ore in your mainhand.",
            "sprite": "origins:textures/gui/badge/info.png"
        }
    ],
    "type": "origins:multiple",
    "toggle": {
        "type": "origins:active_self",
        "entity_action": {
            "type": "origins:if_else",
            "condition": {
                "type": "origins:resource",
                "resource": "*:*_disguised",
                "comparison": "==",
                "compare_to": 1
            },
            "if_action": {
                "type": "origins:change_resource",
                "resource": "*:*_disguised",
                "change": 0,
                "operation": "set"
            },
            "else_action": {
                "type": "origins:change_resource",
                "resource": "*:*_disguised",
                "change": 1,
                "operation": "set"
            }
        },
        "cooldown": 5,
        "hud_render": {
            "should_render": false
        },
        "key": {
            "key": "key.origins.primary_active"
        }
    },
    "snap_toggle": {
        "condition": {
            "type": "origins:resource",
            "resource": "*:*_disguised",
            "comparison": "==",
            "compare_to": 1
        },
        "type": "origins:active_self",
        "entity_action": {
            "type": "origins:if_else",
            "condition": {
                "type": "origins:resource",
                "resource": "*:*_snap",
                "comparison": "==",
                "compare_to": 0
            },
            "if_action": {
                "type": "origins:change_resource",
                "resource": "*:*_snap",
                "change": 1,
                "operation": "set"
            },
            "else_action": {
                "type": "origins:change_resource",
                "resource": "*:*_snap",
                "change": 0,
                "operation": "set"
            }
        },
        "cooldown": 1,
        "key": "key.origins.secondary_active",
        "hud_render": {
            "should_render": false
        }
    },
    "invis": {
        "condition": {
            "type": "origins:resource",
            "resource": "*:*_disguised",
            "comparison": "==",
            "compare_to": 1
        },
        "type": "origins:invisibility",
        "render_armor": false,
        "render_outline": false
    },
    "disguised": {
        "type": "origins:resource",
        "min": 0,
        "max": 1,
        "hud_render": {
            "should_render": false
        },
        "min_action": {
            "type": "origins:and",
            "actions": [
                {
                    "type": "origins:execute_command",
                    "command": "tag @s add fakeOreKill"
                },
                {
                    "type": "origins:execute_command",
                    "command": "execute as @e[tag=fakeOreRoot] if score @s fakeOreID = @p[tag=fakeOreKill] fakeOreID run kill @s"
                },
                {
                    "type": "origins:execute_command",
                    "command": "tag @s remove fakeOreKill"
                },
                {
                    "type": "origins:execute_command",
                    "command": "scale reset"
                }
            ]
        },
        "max_action": {
            "type": "origins:and",
            "actions": [
                {
                    "type": "origins:execute_command",
                    "command": "execute align xyz run summon block_display ~ ~ ~ {Tags:[\"fakeOreRoot\",\"fakeOreSummoned\"],transformation:{left_rotation:[0f,0f,0f,1f],right_rotation:[0f,0f,0f,1f],translation:[0f,0f,0f],scale:[1f,1f,1f]},block_state:{Name:\"minecraft:coal_ore\"}}"
                },
                {
                    "type": "origins:execute_command",
                    "command": "scoreboard players operation @e[tag=fakeOreSummoned,limit=1,sort=nearest] fakeOreID = @s fakeOreID"
                },
                {
                    "type": "origins:execute_command",
                    "command": "tag @e[tag=fakeOreSummoned,limit=1,sort=nearest] remove fakeOreSummoned"
                },
                {
                    "type": "origins:execute_command",
                    "command": "scale delay set pehkui:height 0"
                },
                {
                    "type": "origins:execute_command",
                    "command": "scale delay set pehkui:width 0"
                },
                {
                    "type": "origins:execute_command",
                    "command": "scale set pehkui:height 0.5"
                },
                {
                    "type": "origins:execute_command",
                    "command": "scale set pehkui:width 0.5"
                }
            ]
        }
    },
    "overtime": {
        "condition": {
            "type": "origins:resource",
            "resource": "*:*_disguised",
            "comparison": "==",
            "compare_to": 1
        },
        "type": "origins:action_over_time",
        "interval": 1,
        "entity_action": {
            "type": "origins:and",
            "actions": [
                {
                    "type": "origins:if_else",
                    "condition": {
                        "type": "origins:resource",
                        "resource": "*:*_snap",
                        "comparison": "==",
                        "compare_to": 1
                    },
                    "if_action": {
                        "type": "origins:execute_command",
                        "command": "execute as @e[tag=fakeOreRoot] if score @s fakeOreID = @p fakeOreID at @p align xyz run tp @s ~ ~ ~ 0 0"
                    },
                    "else_action": {
                        "type": "origins:execute_command",
                        "command": "execute as @e[tag=fakeOreRoot] if score @s fakeOreID = @p fakeOreID at @p run tp @s ~-.5 ~ ~-.5 0 0"
                    }
                },
                {
                    "type": "origins:if_else",
                    "condition": {
                        "type": "origins:equipped_item",
                        "equipment_slot": "mainhand",
                        "item_condition": {
                            "type": "origins:ingredient",
                            "ingredient": [
                                {
                                    "tag": "c:ores"
                                },
                                {
                                    "item": "minecraft:ancient_debris"
                                }
                            ]
                        }
                    },
                    "if_action": {
                        "type": "origins:execute_command",
                        "command": "data modify entity @e[limit=1,sort=nearest,tag=fakeOreRoot] block_state.Name set from entity @s SelectedItem.id"
                    }
                }
            ]
        }
    },
    "uniqueid": {
        "type": "origins:action_on_callback",
        "entity_action_chosen": {
            "type": "origins:and",
            "actions": [
                {
                    "type": "origins:execute_command",
                    "command": "scoreboard objectives add fakeOreID dummy"
                },
                {
                    "type": "origins:execute_command",
                    "command": "scoreboard players add #fakeOreID fakeOreID 1"
                },
                {
                    "type": "origins:execute_command",
                    "command": "execute unless score @s fakeOreID matches 1.. run scoreboard players operation @s fakeOreID = #fakeOreID fakeOreID"
                }
            ]
        },
        "execute_chosen_when_orb": true,
        "entity_action_lost": {
            "type": "origins:and",
            "actions": [
                {
                    "type": "origins:execute_command",
                    "command": "tag @s add fakeOreKill"
                },
                {
                    "type": "origins:execute_command",
                    "command": "execute as @e[tag=fakeOreRoot] if score @s fakeOreID = @p[tag=fakeOreKill] fakeOreID run kill @s"
                },
                {
                    "type": "origins:execute_command",
                    "command": "tag @s remove fakeOreKill"
                },
                {
                    "type": "origins:execute_command",
                    "command": "scoreboard players set @s fakeOreID 0"
                }
            ]
        },
        "entity_action_removed": {
            "type": "origins:change_resource",
            "resource": "*:*_disguised",
            "change": 0,
            "operation": "set"
        }
    },
    "snap": {
        "type": "origins:resource",
        "min": 0,
        "max": 1,
        "start_value": 0,
        "hud_render": {
            "should_render": false
        },
        "min_action": {
            "type": "origins:and",
            "actions": [
                {
                    "type": "origins:execute_command",
                    "command": "title @s actionbar [\"\",{\"text\":\"Snap to Grid: \"},{\"text\":\"OFF\",\"color\":\"red\"}]"
                },
                {
                    "type": "origins:execute_command",
                    "command": "playsound minecraft:block.note_block.bit player @s ~ ~ ~ 1 0"
                }
            ]
        },
        "max_action": {
            "type": "origins:and",
            "actions": [
                {
                    "type": "origins:execute_command",
                    "command": "title @s actionbar [\"\",{\"text\":\"Snap to Grid: \"},{\"text\":\"ON\",\"color\":\"green\"}]"
                },
                {
                    "type": "origins:execute_command",
                    "command": "playsound minecraft:block.note_block.bit player @s ~ ~ ~ 1 2"
                }
            ]
        }
    },
    "failsafe": {
        "condition": {
            "type": "origins:relative_health",
            "comparison": "<=",
            "compare_to": 0
        },
        "type": "origins:action_when_damage_taken",
        "entity_action": {
            "type": "origins:change_resource",
            "resource": "*:*_disguised",
            "change": 0,
            "operation": "set"
        },
        "cooldown": 1,
        "hud_render": {
            "should_render": false
        }
    }
}