{
    "name": "Muncher",
    "description": "you can only eat ingots,gems,cobblestone and cobbled deepslate",
    "type": "origins:multiple",
    "eat": {
        "condition": {
            "type": "origins:and",
            "conditions": [
                {
                    "type": "origins:equipped_item",
                    "equipment_slot": "mainhand",
                    "item_condition": {
                        "type": "origins:ingredient",
                        "ingredient": [
                            {
                                "item": "minecraft:cobblestone"
                            },
                            {
                                "item": "minecraft:cobbled_deepslate"
                            },
                            {
                                "item": "minecraft:diamond"
                            },
                            {
                                "item": "minecraft:emerald"
                            },
                            {
                                "item": "minecraft:lapis_lazuli"
                            },
                            {
                                "item": "minecraft:redstone"
                            },
                            {
                                "item": "minecraft:coal"
                            },
                            {
                                "item": "minecraft:copper_ingot"
                            },
                            {
                                "item": "minecraft:iron_ingot"
                            }
                        ]
                    }
                },
                {
                    "inverted": true,
                    "type": "origins:sneaking"
                }
            ]
        },
        "type": "origins:active_self",
        "entity_action": {
            "type": "origins:and",
            "actions": [
                {
                    "type": "origins:equipped_item_action",
                    "equipment_slot": "mainhand",
                    "action": {
                        "type": "origins:consume",
                        "amount": 1
                    }
                },
                {
                    "type": "origins:execute_command",
                    "command": "playsound minecraft:entity.goat.eat master @a ~ ~ ~ 10 0.5"
                },
                {
                    "type": "origins:feed",
                    "food": 6,
                    "saturation": 2
                }
            ]
        },
        "cooldown": 1,
        "hud_render": {
            "should_render": false
        },
        "key": {
            "key": "key.use",
            "continuous": false
        }
    },
    "key1": {
        "type": "origins:prevent_item_use",
        "item_condition": {
            "type": "origins:food"
        }
    }
}