{
    "name": "§l§dSnow Storm",
    "description": "[LOAD TOOLBAR ACTIVATOR] \nsuffocate your enemies in a thick layer of snow",
    "type": "origins:active_self",
    "entity_action": {
        "type": "origins:and",
        "actions": [
            {
                "type": "origins:execute_command",
                "command": "tag @e[distance=1..10,limit=3] add Target"
            },
            {
                "type": "origins:execute_command",
                "command": "execute at @e[tag=Target] run particle minecraft:smoke ~ ~1 ~ .4 .4 .4 0 1000 normal"
            },
            {
                "type": "origins:execute_command",
                "command": "execute at @e[tag=Target] run particle dust 0.780 0.780 0.780 1 ~ ~1 ~ .3 .3 .3 0 1000 normal"
            },
            {
                "type": "origins:execute_command",
                "command": "playsound minecraft:block.glass.break master @p ~ ~ ~ 1 0.20"
            },
            {
                "type": "origins:execute_command",
                "command": "effect give @e[tag=Target] minecraft:instant_damage 1 1 true"
            },
            {
                "type": "origins:execute_command",
                "command": "effect give @e[tag=Target] minecraft:slowness 3 10 true"
            },
            {
                "type": "origins:execute_command",
                "command": "tag @e remove Target"
            }
        ]
    },
    "cooldown": 300,
    "hud_render": {
        "should_render": true,
        "sprite_location": "origins:textures/gui/community/spiderkolo/resource_bar_03.png",
        "bar_index": 3
    },
    "key": {
        "key": "key.loadToolbarActivator"
    }
}