{
    "name": "§l§dFrostwalker",
    "description": "You freeze the water you walk on\n(it has a stamina system)",
    "type": "origins:multiple",
    "grant": {
        "type": "origins:toggle",
        "active_by_default": false,
        "retain_state": true
    },
    "ice": {
        "condition": {
            "type": "origins:and",
            "conditions": [
                {
                    "type": "origins:power_active",
                    "power": "*:*_grant"
                },
                {
                    "type": "origins:on_block",
                    "block_condition": {
                        "type": "origins:block",
                        "block": "minecraft:water"
                    }
                },
                {
                    "type": "origins:resource",
                    "resource": "*:*_freeze",
                    "comparison": ">=",
                    "compare_to": 1
                }
            ]
        },
        "type": "origins:action_over_time",
        "interval": 1,
        "entity_action": {
            "type": "origins:and",
            "actions": [
                {
                    "type": "origins:execute_command",
                    "command": "execute at @s run particle minecraft:dust .5 .7 1 1 ~ ~ ~ 0.3 0.2 0.3 0 20 normal",
                    "permission_level": 4
                },
                {
                    "type": "origins:execute_command",
                    "command": "execute at @s run particle minecraft:dust 1 1 1 1 ~ ~ ~ 0.3 0.2 0.3 0 5 normal",
                    "permission_level": 4
                },
                {
                    "type": "origins:block_action_at",
                    "block_action": {
                        "type": "origins:offset",
                        "action": {
                            "type": "origins:set_block",
                            "block": "minecraft:frosted_ice"
                        },
                        "y": -1
                    }
                }
            ]
        }
    },
    "fancy": {
        "condition": {
            "type": "origins:and",
            "conditions": [
                {
                    "type": "origins:power_active",
                    "power": "*:*_grant"
                },
                {
                    "type": "origins:on_block",
                    "block_condition": {
                        "type": "origins:block",
                        "block": "minecraft:frosted_ice"
                    }
                }
            ]
        },
        "type": "origins:action_over_time",
        "interval": 2,
        "entity_action": {
            "type": "origins:and",
            "actions": [
                {
                    "type": "origins:execute_command",
                    "command": "execute at @s run particle minecraft:dust .5 .7 1 1 ~ ~ ~ 0.3 0.2 0.3 0 20 normal",
                    "permission_level": 4
                },
                {
                    "type": "origins:execute_command",
                    "command": "execute at @s run particle minecraft:dust 1 1 1 1 ~ ~ ~ 0.3 0.2 0.3 0 5 normal",
                    "permission_level": 4
                },
                {
                    "type": "origins:execute_command",
                    "command": "fill ~2 ~-1 ~2 ~-2 ~-1 ~-2 minecraft:frosted_ice replace water",
                    "permission_level": 4
                }
            ]
        }
    },
    "freeze": {
        "type": "origins:resource",
        "min": 0,
        "max": 180,
        "start_value": 180,
        "hud_render": {
            "should_render": true,
            "sprite_location": "origins:textures/gui/community/spiderkolo/resource_bar_02.png",
            "bar_index": 8,
            "condition": {
                "type": "origins:resource",
                "resource": "*:*_freeze",
                "comparison": "<",
                "compare_to": 180
            }
        },
        "min_action": {
            "type": "origins:toggle",
            "power": "*:*_grant"
        }
    },
    "lose": {
        "condition": {
            "type": "origins:power_active",
            "power": "*:*_grant"
        },
        "type": "origins:action_over_time",
        "interval": 20,
        "entity_action": {
            "type": "origins:change_resource",
            "resource": "*:*_freeze",
            "change": -1,
            "operation": "add"
        }
    },
    "refill": {
        "condition": {
            "inverted": true,
            "type": "origins:power_active",
            "power": "*:*_grant"
        },
        "type": "origins:action_over_time",
        "interval": 30,
        "entity_action": {
            "type": "origins:change_resource",
            "resource": "*:*_freeze",
            "change": 1,
            "operation": "add"
        }
    }
}