{
    "name": "§l§dFrostbreath",
    "description": "Freeze your opponents with ghusts of freezing winds",
    "type": "origins:active_self",
    "entity_action": {
        "type": "origins:and",
        "actions": [
            {
                "type": "origins:play_sound",
                "sound": "minecraft:entity.camel.saddle",
                "volume": 1,
                "pitch": 0.2
            },
            {
                "type": "origins:raycast",
                "distance": 64,
                "block": true,
                "entity": true,
                "shape_type": "collider",
                "fluid_handling": "any",
                "bientity_action": {
                    "type": "origins:target_action",
                    "action": {
                        "type": "origins:and",
                        "actions": [
                            {
                                "type": "origins:damage",
                                "source": {
                                    "name": "freeze.player"
                                },
                                "amount": 3,
                                "bypasses_armor": true
                            },
                            {
                                "type": "origins:apply_effect",
                                "effect": {
                                    "effect": "slowness",
                                    "duration": 20,
                                    "amplifier": 1,
                                    "show_particles": true,
                                    "show_icon": true
                                }
                            }
                        ]
                    }
                },
                "command_along_ray": "particle minecraft:spit ~ ~ ~ 0 0 0 0 1 normal"
            }
        ]
    },
    "cooldown": 30,
    "hud_render": {
        "should_render": true,
        "sprite_location": "origins:textures/gui/community/spiderkolo/resource_bar_03.png",
        "bar_index": 8
    },
    "key": {
        "key": "key.origins.secondary_active",
        "continuous": true
    }
}