{
    "name": "§l§4Illager",
    "description": "Villager's prices are higher than normal and Wandering Traders won't trade with you and iron golems attack you on sight",
    "type": "origins:multiple",
    "price_increase": {
        "type": "origins:action_over_time",
        "interval": 10,
        "entity_action": {
            "type": "origins:and",
            "actions": [
                {
                    "type": "origins:execute_command",
                    "command": "execute at @s as @e[type=villager,distance=..7] run data merge entity @s {Gossips:[{Target:[I;1,1,1,1],Type:'major_negative',Value:110}]}"
                },
                {
                    "type": "origins:execute_command",
                    "command": "execute at @s as @e[type=villager,distance=..7] run data modify entity @s Gossips[{Target:[I;1,1,1,1]}].Target set from entity @p UUID"
                }
            ]
        }
    },
    "no_wandering_trader": {
        "type": "origins:prevent_entity_use",
        "bientity_condition": {
            "type": "origins:target_condition",
            "condition": {
                "type": "origins:entity_type",
                "entity_type": "minecraft:wandering_trader"
            }
        }
    }
}