{
    "name": "Dart Games",
    "description": "You can throw any arrow without a bow. [Right Click, Held]",
    "type": "origins:multiple",
    "resource": {
        "type": "origins:resource",
        "min": 0,
        "max": 100,
        "start_value": 100,
        "hud_render": {
            "should_render": true,
            "sprite_location": "origins:textures/gui/community/huang/resource_bar_01.png",
            "bar_index": 2
        }
    },
    "resource_gain": {
        "condition": {
            "type": "origins:resource",
            "resource": "boxed:dart_games_resource",
            "comparison": "!=",
            "compare_to": 100
        },
        "type": "origins:action_over_time",
        "interval": 20,
        "entity_action": {
            "type": "origins:change_resource",
            "resource": "boxed:dart_games_resource",
            "change": 10,
            "operation": "add"
        }
    },
    "arrow_fire": {
        "condition": {
            "type": "origins:and",
            "conditions": [
                {
                    "type": "origins:equipped_item",
                    "equipment_slot": "mainhand",
                    "item_condition": {
                        "type": "origins:ingredient",
                        "ingredient": {
                            "item": "minecraft:arrow"
                        }
                    }
                },
                {
                    "type": "origins:resource",
                    "resource": "boxed:dart_games_resource",
                    "comparison": ">=",
                    "compare_to": 10
                }
            ]
        },
        "type": "origins:fire_projectile",
        "entity_type": "minecraft:arrow",
        "cooldown": 20,
        "hud_render": {
            "should_render": false
        },
        "count": 1,
        "interval": 0,
        "start_delay": 0,
        "speed": 4,
        "divergence": 0,
        "tag": "{pickup:0b}",
        "key": {
            "key": "key.use",
            "continuous": true
        }
    },
    "active": {
        "condition": {
            "type": "origins:and",
            "conditions": [
                {
                    "type": "origins:equipped_item",
                    "equipment_slot": "mainhand",
                    "item_condition": {
                        "type": "origins:ingredient",
                        "ingredient": {
                            "item": "minecraft:arrow"
                        }
                    }
                },
                {
                    "type": "origins:resource",
                    "resource": "boxed:dart_games_resource",
                    "comparison": ">=",
                    "compare_to": 10
                }
            ]
        },
        "type": "origins:active_self",
        "entity_action": {
            "type": "origins:and",
            "actions": [
                {
                    "type": "origins:equipped_item_action",
                    "equipment_slot": "mainhand",
                    "action": {
                        "type": "origins:consume",
                        "amount": 1
                    }
                },
                {
                    "type": "origins:change_resource",
                    "resource": "boxed:dart_games_resource",
                    "change": -10,
                    "operation": "add"
                }
            ]
        },
        "cooldown": 20,
        "hud_render": {
            "should_render": true,
            "sprite_location": "origins:textures/gui/community/huang/resource_bar_01.png",
            "bar_index": 3
        },
        "key": {
            "key": "key.use",
            "continuous": true
        }
    }
}