{
    "name": "Hotswap",
    "description": "You can mark someone you're looking at and then swap places with them",
    "type": "origins:multiple",
    "tag": {
        "condition": {
            "inverted": true,
            "type": "origins:sneaking"
        },
        "type": "origins:active_self",
        "entity_action": {
            "type": "origins:and",
            "actions": [
                {
                    "type": "origins:execute_command",
                    "command": "tag @e remove vampired"
                },
                {
                    "type": "origins:execute_command",
                    "command": "execute as @s at @s run power remove @e vampire:switch_effects"
                },
                {
                    "type": "origins:delay",
                    "action": {
                        "type": "origins:and",
                        "actions": [
                            {
                                "type": "origins:execute_command",
                                "command": "execute as @s at @s run tag @e[limit=1,sort=nearest,distance=0.2..] add vampired",
                                "permission_level": 4
                            },
                            {
                                "type": "origins:execute_command",
                                "command": "execute as @s at @s run power grant @e[limit=1,sort=nearest,distance=0.2..] vampire:switch_effects",
                                "permission_level": 4
                            },
                            {
                                "type": "origins:play_sound",
                                "sound": "minecraft:block.note_block.chime",
                                "volume": 1,
                                "pitch": 1
                            }
                        ]
                    },
                    "ticks": 1
                },
                {
                    "type": "origins:delay",
                    "action": {
                        "type": "origins:and",
                        "actions": [
                            {
                                "type": "origins:execute_command",
                                "command": "execute at @e[tag=vampired] run particle minecraft:witch ~ ~1 ~ 1 0.5 1 1 30",
                                "permission_level": 4
                            }
                        ]
                    },
                    "ticks": 2
                }
            ]
        },
        "cooldown": 20,
        "hud_render": {
            "should_render": false,
            "sprite_location": "origins:textures/gui/community/huang/resource_bar_02.png",
            "bar_index": 0
        },
        "key": {
            "key": "key.origins.secondary_active"
        }
    },
    "switch_tp": {
        "condition": {
            "inverted": false,
            "type": "origins:sneaking"
        },
        "type": "origins:active_self",
        "entity_action": {
            "type": "origins:and",
            "actions": [
                {
                    "type": "origins:execute_command",
                    "command": "execute at @s as @s run summon armor_stand ~ ~ ~ {Invisible:1b,Invulnerable:1b,NoGravity:1b}"
                },
                {
                    "type": "origins:execute_command",
                    "command": "execute at @e[tag=vampired] run summon armor_stand ~ ~ ~ {Invisible:1b,Invulnerable:1b,NoGravity:1b}"
                },
                {
                    "type": "origins:delay",
                    "action": {
                        "type": "origins:and",
                        "actions": [
                            {
                                "type": "origins:execute_command",
                                "command": "execute at @s run tag @e[limit=1,sort=nearest,type=armor_stand] add tp1",
                                "permission_level": 4
                            },
                            {
                                "type": "origins:execute_command",
                                "command": "execute at @e[tag=vampired] run tag @e[limit=1,sort=nearest,type=armor_stand] add tp2",
                                "permission_level": 4
                            },
                            {
                                "type": "origins:execute_command",
                                "command": "execute at @s run particle illuminations:shadowbringer_aura ~ ~ ~ 0.2 0.2 0.2 0.01 20 normal",
                                "permission_level": 4
                            },
                            {
                                "type": "origins:execute_command",
                                "command": "execute at @e[tag=vampired,limit=1] particle illuminations:shadowbringer_aura ~ ~ ~ 0.2 0.2 0.2 0.01 20 normal",
                                "permission_level": 4
                            }
                        ]
                    },
                    "ticks": 1
                },
                {
                    "type": "origins:delay",
                    "action": {
                        "type": "origins:and",
                        "actions": [
                            {
                                "type": "origins:execute_command",
                                "command": "power remove @e vampire:switch_effects"
                            }
                        ]
                    },
                    "ticks": 2
                },
                {
                    "type": "origins:delay",
                    "action": {
                        "type": "origins:and",
                        "actions": [
                            {
                                "type": "origins:execute_command",
                                "command": "tp @e[tag=vampired,limit=1] @e[tag=tp1,limit=1]",
                                "permission_level": 4
                            },
                            {
                                "type": "origins:execute_command",
                                "command": "tp @s @e[tag=tp2,limit=1]",
                                "permission_level": 4
                            }
                        ]
                    },
                    "ticks": 2
                },
                {
                    "type": "origins:delay",
                    "action": {
                        "type": "origins:and",
                        "actions": [
                            {
                                "type": "origins:execute_command",
                                "command": "kill @e[type=armor_stand,tag=tp1]",
                                "permission_level": 4
                            },
                            {
                                "type": "origins:execute_command",
                                "command": "kill @e[type=armor_stand,tag=tp2]",
                                "permission_level": 4
                            }
                        ]
                    },
                    "ticks": 3
                }
            ]
        },
        "cooldown": 180,
        "hud_render": {
            "should_render": true,
            "sprite_location": "origins:textures/gui/community/huang/resource_bar_02.png",
            "bar_index": 1
        },
        "key": {
            "key": "key.origins.secondary_active"
        }
    }
}