{
    "name": "Illusion",
    "description": "For about 10 seconds your body appears to be smaller than it actually is.",
    "type": "origins:multiple",
    "key0": {
        "type": "origins:active_self",
        "entity_action": {
            "type": "origins:and",
            "actions": [
                {
                    "type": "origins:execute_command",
                    "command": "scale set pehkui:width 0.01 @s"
                },
                {
                    "type": "origins:execute_command",
                    "command": "scale set pehkui:height 0.01 @s"
                },
                {
                    "type": "origins:delay",
                    "action": {
                        "type": "origins:execute_command",
                        "command": "scale reset @s"
                    },
                    "ticks": 400
                }
            ]
        },
        "cooldown": 858,
        "hud_render": {
            "should_render": true,
            "sprite_location": "origins:textures/gui/community/huang/resource_bar_01.png",
            "bar_index": 3
        },
        "key": {
            "key": "key.saveToolbarActivator"
        }
    },
    "key1": {
        "type": "origins:active_self",
        "entity_action": {
            "type": "origins:execute_command",
            "command": "playsound minecraft:entity.illusioner.prepare_mirror master @a ~ ~ ~ 2 1"
        },
        "cooldown": 860,
        "key": {
            "key": "key.saveToolbarActivator"
        }
    }
}