{
    "name": "Misfortune",
    "description": "You are a bad omen, giving those around you bad luck while giving yourself luck",
    "type": "origins:action_over_time",
    "interval": 1,
    "entity_action": {
        "type": "origins:and",
        "actions": [
            {
                "type": "origins:execute_command",
                "command": "/effect give @a[distance=0..16,team=!Illager] minecraft:unluck 2 0 true",
                "permission_level": 4
            },
            {
                "type": "origins:apply_effect",
                "effect": {
                    "effect": "minecraft:luck",
                    "duration": 30,
                    "amplifier": 20,
                    "show_particles": false,
                    "show_icon": false
                }
            }
        ]
    }
}