{
    "name": "Mirror Dimension",
    "description": "Use your mirror dimension to quickly re locate",
    "type": "origins:multiple",
    "ray_cast": {
        "condition": {
            "type": "origins:raycast",
            "distance": 50,
            "block": true,
            "entity": false,
            "shape_type": "outline",
            "fluid_handling": "any"
        },
        "type": "origins:active_self",
        "entity_action": {
            "type": "origins:raycast",
            "distance": 50,
            "block": true,
            "entity": false,
            "shape_type": "outline",
            "fluid_handling": "none",
            "command_at_hit": "tp @s ~ ~ ~"
        },
        "cooldown": 100,
        "hud_render": {
            "should_render": true,
            "sprite_location": "origins:textures/gui/resource_bar.png",
            "bar_index": 6
        }
    },
    "teleport": {
        "condition": {
            "type": "origins:raycast",
            "distance": 80,
            "block": true,
            "entity": false,
            "shape_type": "outline",
            "fluid_handling": "any"
        },
        "type": "origins:active_self",
        "entity_action": {
            "type": "origins:and",
            "actions": [
                {
                    "type": "origins:execute_command",
                    "command": "playsound minecraft:entity.illusioner.mirror_move master @a ~ ~ ~ 10 1"
                },
                {
                    "type": "origins:change_resource",
                    "resource": "*:*_fall_resource",
                    "change": 1,
                    "operation": "add"
                },
                {
                    "type": "origins:delay",
                    "action": {
                        "type": "origins:change_resource",
                        "resource": "*:*_fall_resource",
                        "change": -1,
                        "operation": "add"
                    },
                    "ticks": 5
                }
            ]
        },
        "cooldown": 100,
        "hud_render": {
            "should_render": false
        }
    },
    "fall_resource": {
        "type": "origins:resource",
        "min": 0,
        "max": 1,
        "hud_render": {
            "should_render": false
        }
    },
    "fall_reset": {
        "condition": {
            "type": "origins:resource",
            "resource": "*:*_fall_resource",
            "comparison": "==",
            "compare_to": 1
        },
        "type": "origins:invulnerability",
        "damage_condition": {
            "type": "origins:name",
            "name": "fall"
        }
    }
}