{
    "hidden": true,
    "condition": {
        "type": "origins:health",
        "comparison": "<",
        "compare_to": 10
    },
    "type": "origins:stacking_status_effect",
    "min_stacks": 0,
    "max_stacks": 2,
    "duration_per_stack": 40,
    "tick_rate": 20,
    "effect": {
        "effect": "minecraft:weakness",
        "duration": 100,
        "amplifier": 2,
        "is_ambient": true,
        "show_particles": true,
        "show_icon": true
    },
    "effects": [
        {
            "effect": "minecraft:blindness",
            "duration": 100,
            "amplifier": 2,
            "show_particles": true,
            "show_icon": true
        },
        {
            "effect": "minecraft:slowness",
            "duration": 101,
            "amplifier": 10,
            "show_particles": true,
            "show_icon": true
        }
    ]
}