{
    "name": "§1§nFalling Star",
    "description": "A star drops on enemies you hit",
    "loading_priority": -2,
    "type": "origins:multiple",
    "chance": {
        "type": "origins:action_on_hit",
        "bientity_action": {
            "type": "origins:target_action",
            "action": {
                "type": "origins:spawn_entity",
                "entity_type": "minecraft:lightning_bolt"
            }
        },
        "cooldown": 450,
        "hud_render": {
            "should_render": true,
            "sprite_location": "origins:textures/gui/community/spiderkolo/resource_bar_03.png",
            "bar_index": 4
        }
    }
}