{
    "hidden": true,
    "condition": {
        "type": "origins:and",
        "conditions": [
            {
                "inverted": true,
                "type": "origins:health",
                "comparison": "==",
                "compare_to": 0
            },
            {
                "inverted": false,
                "type": "origins:exposed_to_sky"
            },
            {
                "inverted": true,
                "type": "origins:daytime"
            }
        ]
    },
    "type": "origins:action_over_time",
    "interval": 1,
    "entity_action": {
        "type": "origins:change_resource",
        "resource": "star:cooldown",
        "change": -1,
        "operation": "add"
    }
}