{
    "hidden": true,
    "condition": {
        "type": "origins:or",
        "conditions": [
            {
                "inverted": true,
                "type": "origins:exposed_to_sky"
            },
            {
                "type": "origins:daytime"
            }
        ]
    },
    "type": "origins:conditioned_attribute",
    "modifiers": [
        {
            "attribute": "minecraft:generic.movement_speed",
            "operation": "addition",
            "value": -0.015
        }
    ],
    "tick_rate": 5,
    "update_health": false
}