{
    "hidden": true,
    "type": "origins:active_self",
    "entity_action": {
        "type": "origins:if_else",
        "condition": {
            "type": "origins:sneaking"
        },
        "if_action": {
            "type": "origins:and",
            "actions": [
                {
                    "type": "origins:execute_command",
                    "permission_level": 4,
                    "command": "tp @s ^ ^1 ^30"
                },
                {
                    "type": "origins:execute_command",
                    "command": "particle minecraft:dust .6 0 1 2 ~ ~ ~ 1 1 1 1 50 normal",
                    "permission_level": 4
                },
                {
                    "type": "origins:execute_command",
                    "command": "particle minecraft:dust .7 0 .8 2 ~ ~ ~ 1 1 1 1 50 normal",
                    "permission_level": 4
                },
                {
                    "type": "origins:execute_command",
                    "command": "particle minecraft:dust .2 0.3 1 2 ~ ~ ~ 1 1 1 1 50 normal",
                    "permission_level": 4
                },
                {
                    "type": "origins:execute_command",
                    "command": "particle minecraft:dust .4 0 .8 2 ~ ~ ~ 1 1 1 1 50 normal",
                    "permission_level": 4
                },
                {
                    "type": "origins:execute_command",
                    "command": "particle minecraft:dust .3 0 .8 2 ~ ~ ~ 1 1 1 1 50 normal",
                    "permission_level": 4
                },
                {
                    "type": "origins:play_sound",
                    "sound": "minecraft:block.beacon.power_select",
                    "volume": 1,
                    "pitch": 1
                },
                {
                    "type": "origins:apply_effect",
                    "effect": {
                        "effect": "minecraft:resistance",
                        "duration": 120,
                        "amplifier": 50,
                        "show_particles": false,
                        "show_icon": false
                    }
                }
            ]
        },
        "else_action": {
            "type": "origins:execute_command",
            "command": "function shoot:start_ray",
            "permission_level": 4
        }
    },
    "cooldown": 120,
    "hud_render": {
        "should_render": true,
        "sprite_location": "origins:textures/gui/community/huang/resource_bar_01.png",
        "bar_index": 0
    },
    "key": "secondary"
}