{
    "hidden": true,
    "condition": {
        "inverted": true,
        "type": "origins:power",
        "power": "star:power2/sniper"
    },
    "type": "origins:active_self",
    "entity_action": {
        "type": "origins:raycast",
        "distance": 80,
        "block": true,
        "entity": true,
        "shape_type": "visual",
        "fluid_handling": "any",
        "before_action": {
            "type": "origins:and",
            "actions": [
                {
                    "type": "origins:play_sound",
                    "sound": "minecraft:entity.illusioner.mirror_move",
                    "volume": 1,
                    "pitch": 2
                },
                {
                    "type": "origins:swing_hand",
                    "hand": "MAIN_HAND"
                }
            ]
        },
        "command_at_hit": "summon firework_rocket ~ ~ ~ {Silent:1b,LifeTime:0,Motion:[0.0,0.0,0.0],FireworksItem:{id:\"firework_rocket\",Count:1,tag:{Fireworks:{Explosions:[{Type:4,Colors:[I;6165672,7343027,5573526,6820287,8592319,6294433,8984747,16777215,6630077,7016345],FadeColors:[I;8462847,13578495,9842431,12136191,12472319,11677439,12986879,16777215,11354879,11279615]},{Type:4,Colors:[I;6165672,7343027,5573526,6820287,8592319,6294433,8984747,16777215,6630077,7016345],FadeColors:[I;8462847,13578495,9842431,12136191,12472319,11677439,12986879,16777215,11354879,11279615]},{Type:4,Colors:[I;6165672,7343027,5573526,6820287,8592319,6294433,8984747,16777215,6630077,7016345],FadeColors:[I;8462847,8462847,9842431,12136191,12472319,6294433,12986879,16777215,11354879,11279615]}]}}}}",
        "command_along_ray": "function star:ray",
        "command_step": 0.4
    },
    "cooldown": 120,
    "hud_render": {
        "should_render": true,
        "sprite_location": "origins:textures/gui/community/huang/resource_bar_01.png",
        "bar_index": 0
    },
    "key": {
        "key": "key.origins.secondary_active"
    }
}