{
    "hidden": true,
    "condition": {
        "type": "origins:and",
        "conditions": [
            {
                "type": "origins:exposed_to_sky"
            },
            {
                "inverted": true,
                "type": "origins:daytime"
            },
            {
                "inverted": true,
                "type": "origins:sneaking"
            }
        ]
    },
    "type": "origins:stacking_status_effect",
    "min_stacks": 0,
    "max_stacks": 1,
    "duration_per_stack": 15,
    "effects": [
        {
            "effect": "minecraft:slow_falling",
            "duration": 100,
            "amplifier": 0,
            "is_ambient": true,
            "show_particles": false,
            "show_icon": false
        },
        {
            "effect": "minecraft:jump_boost",
            "duration": 100,
            "amplifier": 2,
            "is_ambient": true,
            "show_particles": false,
            "show_icon": false
        }
    ]
}