{
    "name": "§l§eBeetle Like Body",
    "description": "you are 2 and a half blocks tall and 2 blocks wide",
    "type": "origins:action_on_callback",
    "entity_action_chosen": {
        "type": "origins:and",
        "actions": [
            {
                "type": "origins:execute_command",
                "command": "scale set pehkui:height 1.25"
            },
            {
                "type": "origins:execute_command",
                "command": "scale set pehkui:width 1.26"
            },
            {
                "type": "origins:execute_command",
                "command": "scale persist set true"
            }
        ]
    },
    "execute_chosen_when_orb": true,
    "entity_action_lost": {
        "type": "origins:execute_command",
        "command": "scale reset"
    }
}