{
    "name": "§l§dGlass Cannon",
    "description": "you can shoot a fireball with your secondary while holding a glass block(has a 20 second cooldown)",
    "type": "origins:fire_projectile",
    "entity_type": "minecraft:fireball",
    "cooldown": 400,
    "hud_render": {
        "should_render": true,
        "sprite_location": "origins:textures/gui/community/huang/resource_bar_01.png",
        "bar_index": 7
    },
    "count": 1,
    "interval": 0,
    "start_delay": 0,
    "speed": 1.5,
    "divergence": 1,
    "key": {
        "key": "key.origins.secondary_active"
    }
}