{
    "name": "§l§dGlass Maker",
    "description": " You can create glass soldiers by pressing your primary while holding glass (has a 1 minute cooldown)\n3 glass blocks=level 1 soldier wich is a skeleton\n10 glass blocks= level 2 soldier wich is an enderman\n50 glass blocks= level 3 soldier wich is  an iron golem",
    "type": "origins:multiple",
    "skeleton": {
        "condition": {
            "type": "origins:and",
            "conditions": [
                {
                    "type": "origins:or",
                    "conditions": [
                        {
                            "type": "origins:equipped_item",
                            "equipment_slot": "mainhand",
                            "item_condition": {
                                "type": "origins:and",
                                "conditions": [
                                    {
                                        "type": "origins:ingredient",
                                        "ingredient": {
                                            "item": "minecraft:glass"
                                        }
                                    },
                                    {
                                        "type": "origins:amount",
                                        "comparison": "<",
                                        "compare_to": 10
                                    }
                                ]
                            }
                        },
                        {
                            "type": "origins:equipped_item",
                            "equipment_slot": "offhand",
                            "item_condition": {
                                "type": "origins:and",
                                "conditions": [
                                    {
                                        "type": "origins:ingredient",
                                        "ingredient": {
                                            "item": "minecraft:glass"
                                        }
                                    },
                                    {
                                        "type": "origins:amount",
                                        "comparison": "<",
                                        "compare_to": 10
                                    }
                                ]
                            }
                        }
                    ]
                },
                {
                    "type": "origins:resource",
                    "resource": "glass_weaver:glass_maker_cooldown",
                    "comparison": "==",
                    "compare_to": 0
                }
            ]
        },
        "type": "origins:active_self",
        "entity_action": {
            "type": "origins:and",
            "actions": [
                {
                    "type": "origins:execute_command",
                    "command": "summon skeleton ~ ~ ~ {CustomName:'[{\"text\":\"Glass Skeleton\",\"color\":\"aqua\"}]',Team:glass_weaver,HandItems:[{id:bow,Count:1}],HandDropChances:[0f]}"
                },
                {
                    "type": "origins:trigger_cooldown",
                    "power": "glass_weaver:glass_maker_cooldown"
                },
                {
                    "type": "origins:if_else",
                    "condition": {
                        "type": "origins:equipped_item",
                        "equipment_slot": "mainhand",
                        "item_condition": {
                            "type": "origins:ingredient",
                            "ingredient": {
                                "item": "minecraft:glass"
                            }
                        }
                    },
                    "if_action": {
                        "type": "origins:equipped_item_action",
                        "equipment_slot": "mainhand",
                        "action": {
                            "type": "origins:consume",
                            "amount": 3
                        }
                    },
                    "else_action": {
                        "type": "origins:equipped_item_action",
                        "equipment_slot": "offhand",
                        "action": {
                            "type": "origins:consume",
                            "amount": 3
                        }
                    }
                }
            ]
        }
    },
    "enderman": {
        "condition": {
            "type": "origins:and",
            "conditions": [
                {
                    "type": "origins:or",
                    "conditions": [
                        {
                            "type": "origins:equipped_item",
                            "equipment_slot": "mainhand",
                            "item_condition": {
                                "type": "origins:and",
                                "conditions": [
                                    {
                                        "type": "origins:ingredient",
                                        "ingredient": {
                                            "item": "minecraft:glass"
                                        }
                                    },
                                    {
                                        "type": "origins:amount",
                                        "comparison": "<",
                                        "compare_to": 50
                                    }
                                ]
                            }
                        },
                        {
                            "type": "origins:equipped_item",
                            "equipment_slot": "offhand",
                            "item_condition": {
                                "type": "origins:and",
                                "conditions": [
                                    {
                                        "type": "origins:ingredient",
                                        "ingredient": {
                                            "item": "minecraft:glass"
                                        }
                                    },
                                    {
                                        "type": "origins:amount",
                                        "comparison": "<",
                                        "compare_to": 50
                                    }
                                ]
                            }
                        }
                    ]
                },
                {
                    "type": "origins:resource",
                    "resource": "glass_weaver:glass_maker_cooldown",
                    "comparison": "==",
                    "compare_to": 0
                }
            ]
        },
        "type": "origins:active_self",
        "entity_action": {
            "type": "origins:and",
            "actions": [
                {
                    "type": "origins:execute_command",
                    "command": "summon enderman ~ ~ ~ {CustomName:'[{\"text\":\"Glass Enderman\",\"color\":\"aqua\"}]',Team:glass_weaver,HandItems:[{id:acacia_button,Count:1}],HandDropChances:[0f]}"
                },
                {
                    "type": "origins:trigger_cooldown",
                    "power": "glass_weaver:glass_maker_cooldown"
                },
                {
                    "type": "origins:if_else",
                    "condition": {
                        "type": "origins:equipped_item",
                        "equipment_slot": "mainhand",
                        "item_condition": {
                            "type": "origins:ingredient",
                            "ingredient": {
                                "item": "minecraft:glass"
                            }
                        }
                    },
                    "if_action": {
                        "type": "origins:equipped_item_action",
                        "equipment_slot": "mainhand",
                        "action": {
                            "type": "origins:consume",
                            "amount": 10
                        }
                    },
                    "else_action": {
                        "type": "origins:equipped_item_action",
                        "equipment_slot": "offhand",
                        "action": {
                            "type": "origins:consume",
                            "amount": 10
                        }
                    }
                }
            ]
        }
    },
    "iron_golem": {
        "condition": {
            "type": "origins:and",
            "conditions": [
                {
                    "type": "origins:or",
                    "conditions": [
                        {
                            "type": "origins:equipped_item",
                            "equipment_slot": "mainhand",
                            "item_condition": {
                                "type": "origins:and",
                                "conditions": [
                                    {
                                        "type": "origins:ingredient",
                                        "ingredient": {
                                            "item": "minecraft:glass"
                                        }
                                    },
                                    {
                                        "type": "origins:amount",
                                        "comparison": ">=",
                                        "compare_to": 50
                                    }
                                ]
                            }
                        },
                        {
                            "type": "origins:equipped_item",
                            "equipment_slot": "offhand",
                            "item_condition": {
                                "type": "origins:and",
                                "conditions": [
                                    {
                                        "type": "origins:ingredient",
                                        "ingredient": {
                                            "item": "minecraft:glass"
                                        }
                                    },
                                    {
                                        "type": "origins:amount",
                                        "comparison": ">=",
                                        "compare_to": 50
                                    }
                                ]
                            }
                        }
                    ]
                },
                {
                    "type": "origins:resource",
                    "resource": "glass_weaver:glass_maker_cooldown",
                    "comparison": "==",
                    "compare_to": 0
                }
            ]
        },
        "type": "origins:active_self",
        "entity_action": {
            "type": "origins:and",
            "actions": [
                {
                    "type": "origins:execute_command",
                    "command": "summon iron_golem ~ ~ ~ {CustomName:'[{\"text\":\"Glass Iron Golem\",\"color\":\"aqua\"}]',Team:glass_weaver,HandItems:[{id:acacia_button,Count:1}],HandDropChances:[0f]}"
                },
                {
                    "type": "origins:trigger_cooldown",
                    "power": "glass_weaver:glass_maker_cooldown"
                },
                {
                    "type": "origins:if_else",
                    "condition": {
                        "type": "origins:equipped_item",
                        "equipment_slot": "mainhand",
                        "item_condition": {
                            "type": "origins:ingredient",
                            "ingredient": {
                                "item": "minecraft:glass"
                            }
                        }
                    },
                    "if_action": {
                        "type": "origins:equipped_item_action",
                        "equipment_slot": "mainhand",
                        "action": {
                            "type": "origins:consume",
                            "amount": 50
                        }
                    },
                    "else_action": {
                        "type": "origins:equipped_item_action",
                        "equipment_slot": "offhand",
                        "action": {
                            "type": "origins:consume",
                            "amount": 50
                        }
                    }
                }
            ]
        }
    },
    "aggro_on_hit": {
        "type": "origins:action_on_hit",
        "bientity_action": {
            "type": "origins:and",
            "actions": [
                {
                    "type": "origins:target_action",
                    "action": {
                        "type": "origins:and",
                        "actions": [
                            {
                                "type": "origins:execute_command",
                                "command": "tag @s add gw_aggro"
                            },
                            {
                                "type": "origins:delay",
                                "action": {
                                    "type": "origins:execute_command",
                                    "command": "execute as @e[team=glass_weaver] run damage @s 0 minecraft:player_attack by @e[tag=gw_aggro,limit=1,sort=nearest]"
                                },
                                "ticks": 1
                            },
                            {
                                "type": "origins:delay",
                                "action": {
                                    "type": "origins:execute_command",
                                    "command": "tag @s remove gw_aggro"
                                },
                                "ticks": 2
                            }
                        ]
                    }
                }
            ]
        },
        "cooldown": 0
    },
    "aggro_when_hit": {
        "type": "origins:action_when_hit",
        "bientity_action": {
            "type": "origins:and",
            "actions": [
                {
                    "type": "origins:actor_action",
                    "action": {
                        "type": "origins:and",
                        "actions": [
                            {
                                "type": "origins:execute_command",
                                "command": "tag @s add gw_aggro"
                            },
                            {
                                "type": "origins:delay",
                                "action": {
                                    "type": "origins:execute_command",
                                    "command": "execute as @e[team=glass_weaver] run damage @s 0 minecraft:player_attack by @e[tag=gw_aggro,limit=1,sort=nearest]"
                                },
                                "ticks": 1
                            },
                            {
                                "type": "origins:delay",
                                "action": {
                                    "type": "origins:execute_command",
                                    "command": "tag @s remove gw_aggro"
                                },
                                "ticks": 2
                            }
                        ]
                    }
                }
            ]
        },
        "cooldown": 0
    },
    "cooldown": {
        "condition": {
            "type": "origins:constant",
            "value": false
        },
        "type": "origins:cooldown",
        "cooldown": 1200,
        "hud_render": {
            "should_render": true,
            "sprite_location": "origins:textures/gui/community/spiderkolo/resource_bar_03.png",
            "bar_index": 5
        }
    }
}