{
    "name": "§l§dHorned",
    "description": "you use the horn on your head to dash 5 blocks and dealing  damage piercing all armor with a 15 second cooldown(ternary key)\n",
    "type": "origins:active_self",
    "entity_action": {
        "type": "origins:raycast",
        "distance": 5,
        "block": false,
        "entity": true,
        "shape_type": "outline",
        "fluid_handling": "any",
        "bientity_action": {
            "type": "origins:and",
            "actions": [
                {
                    "type": "origins:target_action",
                    "action": {
                        "type": "origins:damage",
                        "amount": 20,
                        "source": {
                            "name": "generic",
                            "bypasses_armor": true,
                            "unblockable": true
                        },
                        "damage_type": "generic"
                    }
                }
            ]
        },
        "before_action": {
            "type": "origins:add_velocity",
            "x": 0,
            "y": 0,
            "z": 1,
            "space": "local_horizontal",
            "client": true,
            "server": true,
            "set": true
        },
        "hit_action": {
            "type": "origins:play_sound",
            "sound": "minecraft:entity.goat.ram_impact",
            "volume": 1,
            "pitch": 1
        },
        "miss_action": {
            "type": "origins:play_sound",
            "sound": "minecraft:entity.goat.horn_break",
            "volume": 1,
            "pitch": 1
        },
        "command_step": 0.25
    },
    "cooldown": 300,
    "hud_render": {
        "should_render": true,
        "sprite_location": "origins:textures/gui/community/huang/resource_bar_01.png",
        "bar_index": 17
    },
    "key": {
        "key": "key.origins.ternary_active"
    }
}