{
    "name": "Anomaly",
    "description": ".. .----. -- / .... . .-. . / - --- / -.-. .- ..- ... . / -.-. .... .- --- ... / .- -. -.. / -.-. .... .- --- ... / --- -. .-.. -.--",
    "powers": [
        "anomaly:shift_unfocused_warp",
        "anomaly:kidnap",
        "origins:sprint_jump",
        "anomaly:somewhereinyou",
        "origins:cat_vision",
        "origins:tailwind",
        "anomaly:disableposses",
        "anomaly:enableposses",
        "anomaly:possesion_resource",
        "anomaly:possession_resource",
        "anomaly:letar",
        "origins:water_vulnerability",
        "origins:pumpkin_hate",
        "origins:no_shield",
        "origins:fragile"
    ],
    "icon": {
        "item": "minecraft:repeater"
    },
    "impact": 3
}