{
    "condition": {
        "type": "origins:constant",
        "value": true
    },
    "type": "origins:action_over_time",
    "interval": 10,
    "entity_action": {
        "type": "origins:and",
        "actions": [
            {
                "type": "origins:spawn_particles",
                "particle": "minecraft:composter",
                "count": 50,
                "speed": 0,
                "spread": {
                    "x": 0.5,
                    "y": 0.5,
                    "z": 0.5
                },
                "offset_y": 0
            }
        ]
    },
    "hidden": true
}