{
    "name": "Big and Bulky",
    "description": "You are much bigger than others, so you are slower at doing stuff and sink in water, can't ride vehicles, and can't elytra fly. You also exhaust much quicker.",
    "type": "origins:multiple",

    "preventride": {
        "type": "origins:prevent_entity_use",
        "bientity_condition": {
            "type": "origins:target_condition",
            "condition": {
                "type": "origins:entity_type",
                "entity_type": "minecraft:boat"
            }
        }
    },
    "size": {
            "type": "origins:action_on_callback",
            "entity_action_chosen": {
                "type": "origins:and",
                "actions": [
                {
                "type": "origins:execute_command",
                "command": "/scale set pehkui:height 2 @s"
                },
                {
                "type": "origins:execute_command",
                "command": "/scale set pehkui:width 2 @s"
                }
            ]
            },
            "entity_action_respawned": {
                "type": "origins:and",
                "actions": [
                {
                "type": "origins:execute_command",
                "command": "/scale set pehkui:height 2 @s"
                },
                {
                "type": "origins:execute_command",
                "command": "/scale set pehkui:width 2 @s"
                }
            ]
            },
            "entity_action_lost": {
                "type": "origins:execute_command",
                "command": "scale reset @p"
            }
    },
    "ignorewater": {
        "type": "origins:ignore_water"
    },
    "worldslow": {
        "type": "origins:action_over_time",
        "condition":{
            "type": "origins:dimension",
            "dimension": "minecraft:overworld",
            "inverted": false
        },
        "interval": 20,
        "entity_action": {
        "type": "origins:apply_effect",
        "effects": [
        {
            "effect": "minecraft:slowness",
            "duration": 21,
            "is_ambient": true,
            "show_particles": false,
            "show_icon": false,
            "amplifier": 0
        },
        {
            "effect": "minecraft:strength",
            "duration": 21,
            "is_ambient": true,
            "show_particles": false,
            "show_icon": false,
            "amplifier": 0
        }
    ]
}
        
    },
    "hellslow": {
        "type": "origins:action_over_time",
        "condition":{
            "type": "origins:dimension",
            "dimension": "minecraft:the_nether",
            "inverted": false
        },
        "interval": 20,
        "entity_action": {
        "type": "origins:apply_effect",
        "effects": [
        {
            "effect": "minecraft:slowness",
            "duration": 21,
            "is_ambient": true,
            "show_particles": false,
            "show_icon": false,
            "amplifier": 1
        }
    ]
}
        
    },
    "endslow": {
        "type": "origins:action_over_time",
        "condition":{
            "type": "origins:dimension",
            "dimension": "minecraft:the_end",
            "inverted": false
        },
        "interval": 20,
        "entity_action": {
        "type": "origins:apply_effect",
        "effects": [
        {
            "effect": "minecraft:slowness",
            "duration": 21,
            "is_ambient": true,
            "show_particles": false,
            "show_icon": false,
            "amplifier": 0
        },
        {
            "effect": "minecraft:weakness",
            "duration": 21,
            "is_ambient": true,
            "show_particles": false,
            "show_icon": false,
            "amplifier": 0
        }
    ]
}
        
    },
    "exhaust": {
        "type": "origins:modify_exhaustion",
        "modifier": {
            "name": "Increased exhaustion",
            "operation": "multiply_base",
            "value": 2.0
        }
    }
}