{
    "name": "Kind Aura",
    "description": "You can send out a wave of positive energy that heals passive, friendly mobs and players. You also do the effects of a bonemeal.",
    "type": "origins:active_self",
    "entity_action": {
        "type": "origins:and",
        "actions": [
            {
                "type": "origins:block_action_at",
                "block_action": {
                    "type": "origins:offset",
                    "action": {
                        "type": "origins:bonemeal",
                        "effects": true
                    },
                    "y": -1
                }
            },
            {
                "type": "origins:area_of_effect",
                "radius": 10,
                "include_target": false,
                "bientity_action": {
                    "type": "origins:target_action",
                    "action": {
                        "type": "origins:apply_effect",
                        "effects": [
                            {
                                "effect": "minecraft:regeneration",
                                "duration": 200,
                                "amplifier": 0,
                                "is_ambient": false,
                                "show_particles": true,
                                "show_icon": true
                            }
                        ]
                    }
                }
            }
        ]
    },
    "cooldown": 250,
    "hud_render": {
        "should_render": true,
        "bar_index": 8
    },
    "key": {
        "key": "key.origins.primary_active",
        "continuous": true
    }
}