{
    "type": "origins:action_over_time",
    "interval": 1,
    "entity_action": {
        "type": "origins:and",
        "actions": [
            {
                "type": "origins:gain_air",
                "value": 5
            }
        ]
    },
    "condition": {
        "inverted": false,
        "type": "origins:submerged_in",
        "fluid": "minecraft:water"
    },
    "name": "No Need to Breath",
    "description": "You don't have lungs, thus no need to breath."
}