{
    "name": "Pacifist",
    "description": "You can only eat vegetables and do less damage with weapons.",
    "type": "origins:multiple",

    "vegan": {
        "name": "Pacifist: Vegetarian",
        "type": "origins:prevent_item_use",
            "item_condition": {
                "type": "origins:meat"
            }
    },
    "weak": {
        "type": "origins:modify_damage_dealt",
        "bientity_condition": {
            "type": "origins:actor_condition",
            "condition": {
                "type": "origins:equipped_item",
                "equipment_slot": "mainhand",
                "item_condition": {
                "type": "origins:ingredient",
                "ingredient": [
        {
            "tag": "earthian:weapons"
        }
    ]
}
}
        },
        "modifier": {
            "operation": "multiply_base_multiplicative",
            "value": -0.5
        }
    }
}