{
        "name": "Rock Solid",
        "description": "You have natural armour points (much), but less max HP due to what the humans have done to you...",
        "type": "origins:attribute",
        "modifiers": [
            {
                "attribute": "generic.max_health",
                "operation": "addition",
                "value": -6
            },
            {
                "attribute": "generic.armor",
                "operation": "addition",
                "value": 8
            }
        ],
        "update_health": true
}