{
    "name": "Big Brother Is Watching",
    "description": "You get slowness at day.",
    "condition": {
            "type": "origins:and",
            "conditions": [
                {
                    "type": "origins:daytime"
                },
                {      
                    "type": "origins:exposed_to_sky"
                }
            ]
        },
    "type": "origins:action_over_time",
        "interval": 5,
        "entity_action": {
            "type": "origins:apply_effect",
            "effects": [
                {
                    "effect": "minecraft:slowness",
                    "duration": 6,
                    "amplifier": 0,
                    "show_particles": false,
                    "show_icon": false
                }
            ]
        }
}