{
    "type": "origins:restrict_armor",
    "head": {
      "type": "origins:armor_value",
      "comparison": ">",
      "compare_to": 1
    },
    "chest": {
      "type": "origins:armor_value",
      "comparison": ">",
      "compare_to": 8
    },
    "legs": {
      "type": "origins:armor_value",
      "comparison": ">",
      "compare_to": 5
    },
    "feet": {
      "type": "origins:armor_value",
      "comparison": ">",
      "compare_to": 1
    },
    "name": "Heavy Armour",
    "description": "You can't wear armour that is too heavy."
  }