{
    "name": "Orbit",
    "description": "You can fly at night when exposed to the sky but you will receive hunger effect.",
    "type": "origins:multiple",

    "toggle": {
        "type": "origins:toggle",
        "active_by_default": false,
        "retain_state": false,
        "key": {
            "key": "key.origins.secondary_active"
        },
        "condition": {
            "type": "origins:and",
            "conditions": [
                {
                    "type": "origins:daytime",
                    "inverted": true
                },
                {      
                    "type": "origins:exposed_to_sky"
                }
            ]
        }
    },
    "fly": {
        "type": "origins:creative_flight",
        "condition": {
            "type": "origins:power_active",
            "power": "*:*_toggle"
        }
    },
    "hunger": {
        "type": "origins:action_over_time",
        "interval": 5,
        "entity_action": {
            "type": "origins:apply_effect",
            "effects": [
                {
                    "effect": "minecraft:hunger",
                    "duration": 6,
                    "amplifier": 5,
                    "show_particles": false,
                    "show_icon": false
                }
            ]
        },
        "condition": {
            "type": "origins:power_active",
            "power": "*:*_toggle"
        }
    }
}