{
  "performVersionCheck": true,
  "origins": {
    "rr:roadrunner": {
      "enabled": true,
      "rr:rr_fast": true,
      "rr:rr_speed": true,
      "rr:rr_noslow": true,
      "rr:rr_hunger": true,
      "rr:rr_low": true,
      "rr:rr_noswim": true,
      "rr:rr_waterhover": true,
      "rr:rr_nobow": true
    },
    "origins:enderian": {
      "enabled": true,
      "origins:throw_ender_pearl": true,
      "origins:water_vulnerability": true,
      "origins:pumpkin_hate": true,
      "origins:extra_reach": true,
      "origins:ender_particles": true,
      "origins:damage_from_potions": true
    },
    "origins:human": {
      "enabled": true
    },
    "origins:feline": {
      "enabled": true,
      "origins:fall_immunity": true,
      "origins:sprint_jump": true,
      "origins:velvet_paws": true,
      "origins:nine_lives": true,
      "origins:weak_arms": true,
      "origins:scare_creepers": true,
      "origins:cat_vision": true
    },
    "origins:elytrian": {
      "enabled": true,
      "origins:elytra": true,
      "origins:launch_into_air": true,
      "origins:aerial_combatant": true,
      "origins:light_armor": true,
      "origins:claustrophobia": true,
      "origins:more_kinetic_damage": true
    },
    "extraorigins:piglin": {
      "enabled": true,
      "extraorigins:all_that_glitters": true,
      "extraorigins:crossbow_master": true,
      "extraorigins:piglin_neutrality": true,
      "origins:nether_spawn": true,
      "extraorigins:homesick": true,
      "extraorigins:golden_gluttony": true,
      "extraorigins:flabby": true,
      "extraorigins:soul_spooked": true
    },
    "cham:chameleon": {
      "enabled": true,
      "cham:cham_invis": true,
      "cham:cham_size": true,
      "cham:cham_climb": true,
      "origins:fall_immunity": true,
      "origins:carnivore": true,
      "cham:cham_natarmor": true,
      "cham:cham_speed": true,
      "cham:cham_reach": true
    },
    "rept:reptilian": {
      "enabled": true,
      "rept:rept_freeze": true,
      "rept:rept_natarmor": true,
      "origins:tailwind": true,
      "rept:rept_size": true,
      "origins:no_shield": true,
      "origins:more_exhaustion": true,
      "rept:rept_poison": true,
      "rept:rept_immune": true
    },
    "origins:shulk": {
      "enabled": true,
      "origins:shulker_inventory": true,
      "origins:natural_armor": true,
      "origins:strong_arms": true,
      "origins:strong_arms_break_speed": true,
      "origins:no_shield": true,
      "origins:more_exhaustion": true
    },
    "kang:kangaroo": {
      "enabled": true,
      "kang:kang_pouch": true,
      "kang:kang_longjump": true,
      "origins:tailwind": true,
      "origins:vegetarian": true,
      "kang:kang_dodge": true,
      "kang:kang_nobow": true,
      "kang:kang_health": true
    },
    "monke:monkey": {
      "enabled": true,
      "monke:monke_grapple": true,
      "monke:monke_climb": true,
      "monke:monke_size": true,
      "origins:tailwind": true,
      "peng:extra_jump": true,
      "monke:monke_stamina": true,
      "monke:staminarefill": true,
      "monke:staminawaste": true,
      "monke:staminawaste2": true,
      "monke:monke_drown": true,
      "monke:monke_lunge": true,
      "monke:monke_frhand": true
    },
    "origins:merling": {
      "enabled": true,
      "origins:water_breathing": true,
      "origins:water_vision": true,
      "origins:aqua_affinity": true,
      "origins:swim_speed": true,
      "origins:like_water": true,
      "origins:aquatic": true,
      "origins:conduit_power_on_land": true,
      "origins:air_from_potions": true
    },
    "origins:phantom": {
      "enabled": true,
      "origins:phantomize": true,
      "origins:translucent": true,
      "origins:phasing": true,
      "origins:invisibility": true,
      "origins:burn_in_daylight": true,
      "origins:hunger_over_time": true,
      "origins:fragile": true,
      "origins:phantomize_overlay": true
    },
    "origins:arachnid": {
      "enabled": true,
      "origins:climbing": true,
      "origins:master_of_webs": true,
      "origins:carnivore": true,
      "origins:fragile": true,
      "origins:arthropod": true
    },
    "extraorigins:inchling": {
      "enabled": true,
      "extraorigins:bite_sized": true,
      "extraorigins:nimble": true,
      "extraorigins:small_appetite": true,
      "origins:climbing": true,
      "extraorigins:jockey": true
    },
    "origins:blazeborn": {
      "enabled": true,
      "origins:fire_immunity": true,
      "origins:nether_spawn": true,
      "origins:burning_wrath": true,
      "origins:hotblooded": true,
      "origins:water_vulnerability": true,
      "origins:flame_particles": true,
      "origins:damage_from_snowballs": true,
      "origins:damage_from_potions": true
    },
    "origins:avian": {
      "enabled": true,
      "origins:slow_falling": true,
      "origins:fresh_air": true,
      "origins:like_air": true,
      "origins:tailwind": true,
      "origins:lay_eggs": true,
      "origins:vegetarian": true
    },
    "peng:penguin": {
      "enabled": true,
      "peng:peng_swimspeed": true,
      "peng:peng_waterbreath": true,
      "peng:hunter_vision": true,
      "peng:peng_size": true,
      "peng:peng_slide": true,
      "peng:heat": true,
      "peng:ice_speed": true,
      "peng:toggle": true,
      "peng:peng_health": true,
      "peng:extra_jump": true
    },
    "extraorigins:floran": {
      "enabled": true,
      "extraorigins:green_thumb": true,
      "extraorigins:photosynthesis": true,
      "extraorigins:absorbing": true,
      "extraorigins:flammable": true,
      "extraorigins:nectarivore": true
    },
    "extraorigins:truffle": {
      "enabled": true,
      "extraorigins:magic_spores": true,
      "extraorigins:infestation": true,
      "extraorigins:rooted": true,
      "extraorigins:decomposition": true
    }
  }
}