{
    "name": "Caveborn",
    "description": "This creature used to live in big caves and climb around hunting in the dark.",
    "powers": [
        "former_caver:climb_arms",
        "former_caver:poison_arms",
        "former_caver:cave_sight",
        "former_caver:chestplate_restrict",
        "origins:strong_arms_break_speed",
        "origins:carnivore",
        "origins:strong_arms",
        "former_caver:big_cave_native",
        "former_caver:health",
        "former_caver:size_modify",
        "former_caver:effects",
        "former_caver:throw_poison"
    ],
    "icon": {
        "item": "minecraft:torch",
        "amount": 2
    },
    "impact": 2
}