{
    "name": "§5Starborne",
    "description": "Being born from the stars, you are a nonviolent, star-obsessed, mysterious, and potentially powerful entity that fell from the stars down to this blocky world we reside.",
    "powers": [
        "star:descriptions/velocity",
        "star:descriptions/star",
        "star:descriptions/warp",
        "star:charged",
        "star:descriptions/strength",
        "star:descriptions/guardian",
        "star:descriptions/death",
        "star:descriptions/sleep",
        "star:descriptions/fire",
        "star:descriptions/slow",
        "star:descriptions/realm",
        "star:descriptions/blindness",
        "star:death",
        "star:descriptions/starbeam",
        "star:cooldown",
        "star:cooldown2",
        "star:end",
        "star:realm",
        "star:firework",
        "star:fire",
        "star:strength",
        "star:starlaser_",
        "star:strength2",
        "star:slow",
        "star:velocity",
        "star:blindness",
        "star:lightninginvul",
        "star:starlaser",
        "star:particles",
        "star:sleep",
        "star:realm",
        "star:a_preformance_was_demanded_of_me"
    ],
    "icon": {
        "item": "minecraft:nether_star"
    },
    "order": 0,
    "impact": 3
}