{
    "hidden": true,
    "type": "origins:action_over_time",
    "interval": 200,
    "entity_action": {
        "type": "origins:chance",
        "chance": 0.5,
        "action": {
            "type": "origins:choice",
            "actions": [
                {
                    "weight": 10,
                    "element": {
                        "type": "origins:execute_command",
                        "command": "playsound minecraft:entity.vex.ambient master @a ~ ~ ~ 10 0.8"
                    }
                },
                {
                    "weight": 10,
                    "element": {
                        "type": "origins:execute_command",
                        "command": "playsound minecraft:entity.warden.listening master @a ~ ~ ~ 10 0.2"
                    }
                },
                {
                    "weight": 10,
                    "element": {
                        "type": "origins:execute_command",
                        "command": "playsound minecraft:block.sculk_sensor.clicking master @a ~ ~ ~ 10 0.7"
                    }
                },
                {
                    "weight": 10,
                    "element": {
                        "type": "origins:execute_command",
                        "command": "playsound\nminecraft:block.sculk_shrieker.shriek master @a ~ ~ ~ 10 0.7"
                    }
                },
                {
                    "weight": 10,
                    "element": {
                        "type": "origins:execute_command",
                        "command": "playsound\nminecraft:entity.skeleton_horse.death master @a ~ ~ ~ 10 0.7"
                    }
                }
            ]
        }
    }
}