{
    "name": "Kidnap",
    "description": "You can Kidnap any creature....",
    "badges": [
        {
            "type": "origins:tooltip",
            "text": "Sneak + Right Click to Pick up Mobs \nPress Sneak Again to Drop them!",
            "sprite": "origins:textures/gui/badge/info.png"
        }
    ],
    "type": "origins:multiple",
    "grab": {
        "condition": {
            "type": "origins:sneaking"
        },
        "type": "origins:action_on_entity_use",
        "bientity_action": {
            "type": "origins:and",
            "actions": [
                {
                    "type": "origins:actor_action",
                    "action": {
                        "type": "origins:execute_command",
                        "command": "playsound minecraft:entity.bat.takeoff master @a ~ ~ ~ 10 1"
                    }
                },
                {
                    "type": "origins:invert",
                    "action": {
                        "type": "origins:mount"
                    }
                }
            ]
        },
        "bientity_condition": {
            "type": "origins:and",
            "conditions": [
                {
                    "type": "origins:target_condition",
                    "condition": {
                        "inverted": true,
                        "type": "origins:riding"
                    }
                },
                {
                    "type": "origins:target_condition",
                    "condition": {
                        "type": "origins:living"
                    }
                },
                {
                    "type": "origins:target_condition",
                    "condition": {
                        "type": "origins:command",
                        "command": "execute if entity @s[tag=!dm_portal1,tag=!dm_portal2]",
                        "comparison": "==",
                        "compare_to": 1
                    }
                }
            ]
        },
        "item_condition": {
            "type": "origins:empty"
        },
        "hands": [
            "main_hand"
        ],
        "action_result": "success",
        "priority": 0
    },
    "release": {
        "type": "origins:active_self",
        "entity_action": {
            "type": "origins:passenger_action",
            "action": {
                "type": "origins:dismount"
            },
            "recursive": true
        },
        "cooldown": 1,
        "hud_render": {
            "should_render": false
        },
        "key": {
            "key": "key.sneak",
            "continuous": false
        }
    }
}