{
    "name": "posses Mode",
    "description": "Yes.",
    "hidden": true,
    "type": "origins:resource",
    "min": 0,
    "max": 1,
    "start_value": 0,
    "hud_render": {
        "should_render": true,
        "sprite_location": "origins:textures/gui/community/spiderkolo/resource_bar_03.png",
        "bar_index": 22,
        "condition": {
            "type": "origins:resource",
            "resource": "spirit:possession_resource",
            "comparison": ">",
            "compare_to": 0
        }
    }
}