{
    "name": "Where Am I?",
    "description": "Teleport a target, which you are looking at, to a random nearby location.",
    "condition": {
        "type": "origins:sneaking"
    },
    "type": "origins:active_self",
    "entity_action": {
        "type": "origins:raycast",
        "distance": 20,
        "block": true,
        "entity": true,
        "shape_type": "outline",
        "fluid_handling": "none",
        "bientity_action": {
            "type": "origins:target_action",
            "action": {
                "type": "origins:and",
                "actions": [
                    {
                        "type": "origins:and",
                        "actions": [
                            {
                                "type": "origins:choice",
                                "actions": [
                                    {
                                        "weight": 1,
                                        "element": {
                                            "type": "origins:execute_command",
                                            "command": "teleport @s ~1 ~ ~"
                                        }
                                    },
                                    {
                                        "weight": 1,
                                        "element": {
                                            "type": "origins:execute_command",
                                            "command": "teleport @s ~-1 ~ ~"
                                        }
                                    },
                                    {
                                        "weight": 1,
                                        "element": {
                                            "type": "origins:execute_command",
                                            "command": "teleport @s ~ ~ ~1"
                                        }
                                    },
                                    {
                                        "weight": 1,
                                        "element": {
                                            "type": "origins:execute_command",
                                            "command": "teleport @s ~ ~ ~-1"
                                        }
                                    },
                                    {
                                        "weight": 1,
                                        "element": {
                                            "type": "origins:execute_command",
                                            "command": "teleport @s ~0.70 ~ ~0.70"
                                        }
                                    },
                                    {
                                        "weight": 1,
                                        "element": {
                                            "type": "origins:execute_command",
                                            "command": "teleport @s ~-0.70 ~ ~0.70"
                                        }
                                    },
                                    {
                                        "weight": 1,
                                        "element": {
                                            "type": "origins:execute_command",
                                            "command": "teleport @s ~0.70 ~ ~-0.70"
                                        }
                                    },
                                    {
                                        "weight": 1,
                                        "element": {
                                            "type": "origins:execute_command",
                                            "command": "teleport @s ~-0.70 ~ ~-0.70"
                                        }
                                    },
                                    {
                                        "weight": 1,
                                        "element": {
                                            "type": "origins:execute_command",
                                            "command": "teleport @s ~-1.8 ~ ~-0.6"
                                        }
                                    },
                                    {
                                        "weight": 1,
                                        "element": {
                                            "type": "origins:execute_command",
                                            "command": "teleport @s ~2 ~ ~"
                                        }
                                    },
                                    {
                                        "weight": 1,
                                        "element": {
                                            "type": "origins:execute_command",
                                            "command": "teleport @s ~-2 ~ ~"
                                        }
                                    },
                                    {
                                        "weight": 1,
                                        "element": {
                                            "type": "origins:execute_command",
                                            "command": "teleport @s ~ ~ ~2"
                                        }
                                    },
                                    {
                                        "weight": 1,
                                        "element": {
                                            "type": "origins:execute_command",
                                            "command": "teleport @s ~ ~ ~-2"
                                        }
                                    },
                                    {
                                        "weight": 1,
                                        "element": {
                                            "type": "origins:execute_command",
                                            "command": "teleport @s ~1.40 ~ ~1.40"
                                        }
                                    },
                                    {
                                        "weight": 1,
                                        "element": {
                                            "type": "origins:execute_command",
                                            "command": "teleport @s ~-1.40 ~ ~1.40"
                                        }
                                    },
                                    {
                                        "weight": 1,
                                        "element": {
                                            "type": "origins:execute_command",
                                            "command": "teleport @s ~1.40 ~ ~-1.40"
                                        }
                                    },
                                    {
                                        "weight": 1,
                                        "element": {
                                            "type": "origins:execute_command",
                                            "command": "teleport @s ~-1.40 ~ ~-1.40"
                                        }
                                    },
                                    {
                                        "weight": 1,
                                        "element": {
                                            "type": "origins:execute_command",
                                            "command": "teleport @s ~0.6 ~ ~1.8"
                                        }
                                    },
                                    {
                                        "weight": 1,
                                        "element": {
                                            "type": "origins:execute_command",
                                            "command": "teleport @s ~-0.6 ~ ~1.8"
                                        }
                                    },
                                    {
                                        "weight": 1,
                                        "element": {
                                            "type": "origins:execute_command",
                                            "command": "teleport @s ~0.6 ~ ~-1.8"
                                        }
                                    },
                                    {
                                        "weight": 1,
                                        "element": {
                                            "type": "origins:execute_command",
                                            "command": "teleport @s ~-0.6 ~ ~-1.8"
                                        }
                                    },
                                    {
                                        "weight": 1,
                                        "element": {
                                            "type": "origins:execute_command",
                                            "command": "teleport @s ~1.8 ~ ~0.6"
                                        }
                                    },
                                    {
                                        "weight": 1,
                                        "element": {
                                            "type": "origins:execute_command",
                                            "command": "teleport @s ~-1.8 ~ ~0.6"
                                        }
                                    },
                                    {
                                        "weight": 1,
                                        "element": {
                                            "type": "origins:execute_command",
                                            "command": "teleport @s ~1.8 ~ ~-0.6"
                                        }
                                    },
                                    {
                                        "weight": 1,
                                        "element": {
                                            "type": "origins:execute_command",
                                            "command": "teleport @s ~3 ~ ~"
                                        }
                                    },
                                    {
                                        "weight": 1,
                                        "element": {
                                            "type": "origins:execute_command",
                                            "command": "teleport @s ~-3 ~ ~"
                                        }
                                    },
                                    {
                                        "weight": 1,
                                        "element": {
                                            "type": "origins:execute_command",
                                            "command": "teleport @s ~ ~ ~3"
                                        }
                                    },
                                    {
                                        "weight": 1,
                                        "element": {
                                            "type": "origins:execute_command",
                                            "command": "teleport @s ~ ~ ~-3"
                                        }
                                    },
                                    {
                                        "weight": 1,
                                        "element": {
                                            "type": "origins:execute_command",
                                            "command": "teleport @s ~2.1 ~ ~2.1"
                                        }
                                    },
                                    {
                                        "weight": 1,
                                        "element": {
                                            "type": "origins:execute_command",
                                            "command": "teleport @s ~-2.1 ~ ~2.1"
                                        }
                                    },
                                    {
                                        "weight": 1,
                                        "element": {
                                            "type": "origins:execute_command",
                                            "command": "teleport @s ~2.1 ~ ~-2.1"
                                        }
                                    },
                                    {
                                        "weight": 1,
                                        "element": {
                                            "type": "origins:execute_command",
                                            "command": "teleport @s ~-2.1 ~ ~-2.1"
                                        }
                                    },
                                    {
                                        "weight": 1,
                                        "element": {
                                            "type": "origins:execute_command",
                                            "command": "teleport @s ~0.9 ~ ~2.8"
                                        }
                                    },
                                    {
                                        "weight": 1,
                                        "element": {
                                            "type": "origins:execute_command",
                                            "command": "teleport @s ~-0.9 ~ ~2.8"
                                        }
                                    },
                                    {
                                        "weight": 1,
                                        "element": {
                                            "type": "origins:execute_command",
                                            "command": "teleport @s ~0.9 ~ ~-2.8"
                                        }
                                    },
                                    {
                                        "weight": 1,
                                        "element": {
                                            "type": "origins:execute_command",
                                            "command": "teleport @s ~-0.9 ~ ~-2.8"
                                        }
                                    },
                                    {
                                        "weight": 1,
                                        "element": {
                                            "type": "origins:execute_command",
                                            "command": "teleport @s ~2.8 ~ ~0.9"
                                        }
                                    },
                                    {
                                        "weight": 1,
                                        "element": {
                                            "type": "origins:execute_command",
                                            "command": "teleport @s ~-2.8 ~ ~0.9"
                                        }
                                    },
                                    {
                                        "weight": 1,
                                        "element": {
                                            "type": "origins:execute_command",
                                            "command": "teleport @s ~2.8 ~ ~-0.9"
                                        }
                                    },
                                    {
                                        "weight": 1,
                                        "element": {
                                            "type": "origins:execute_command",
                                            "command": "teleport @s ~-2.8 ~ ~-0.9"
                                        }
                                    },
                                    {
                                        "weight": 1,
                                        "element": {
                                            "type": "origins:execute_command",
                                            "command": "teleport @s ~4 ~ ~"
                                        }
                                    },
                                    {
                                        "weight": 1,
                                        "element": {
                                            "type": "origins:execute_command",
                                            "command": "teleport @s ~-4 ~ ~"
                                        }
                                    },
                                    {
                                        "weight": 1,
                                        "element": {
                                            "type": "origins:execute_command",
                                            "command": "teleport @s ~ ~ ~4"
                                        }
                                    },
                                    {
                                        "weight": 1,
                                        "element": {
                                            "type": "origins:execute_command",
                                            "command": "teleport @s ~ ~ ~-4"
                                        }
                                    },
                                    {
                                        "weight": 1,
                                        "element": {
                                            "type": "origins:execute_command",
                                            "command": "teleport @s ~2.8 ~ ~2.8"
                                        }
                                    },
                                    {
                                        "weight": 1,
                                        "element": {
                                            "type": "origins:execute_command",
                                            "command": "teleport @s ~-2.8 ~ ~2.8"
                                        }
                                    },
                                    {
                                        "weight": 1,
                                        "element": {
                                            "type": "origins:execute_command",
                                            "command": "teleport @s ~2.8 ~ ~-2.8"
                                        }
                                    },
                                    {
                                        "weight": 1,
                                        "element": {
                                            "type": "origins:execute_command",
                                            "command": "teleport @s ~-2.8 ~ ~-2.8"
                                        }
                                    },
                                    {
                                        "weight": 1,
                                        "element": {
                                            "type": "origins:execute_command",
                                            "command": "teleport @s ~1.2 ~ ~3.8"
                                        }
                                    },
                                    {
                                        "weight": 1,
                                        "element": {
                                            "type": "origins:execute_command",
                                            "command": "teleport @s ~-1.2 ~ ~3.8"
                                        }
                                    },
                                    {
                                        "weight": 1,
                                        "element": {
                                            "type": "origins:execute_command",
                                            "command": "teleport @s ~1.2 ~ ~-3.8"
                                        }
                                    },
                                    {
                                        "weight": 1,
                                        "element": {
                                            "type": "origins:execute_command",
                                            "command": "teleport @s ~-1.2 ~ ~-3.8"
                                        }
                                    },
                                    {
                                        "weight": 1,
                                        "element": {
                                            "type": "origins:execute_command",
                                            "command": "teleport @s ~3.8 ~ ~1.2"
                                        }
                                    },
                                    {
                                        "weight": 1,
                                        "element": {
                                            "type": "origins:execute_command",
                                            "command": "teleport @s ~-3.8 ~ ~1.2"
                                        }
                                    },
                                    {
                                        "weight": 1,
                                        "element": {
                                            "type": "origins:execute_command",
                                            "command": "teleport @s ~3.8 ~ ~-1.2"
                                        }
                                    },
                                    {
                                        "weight": 1,
                                        "element": {
                                            "type": "origins:execute_command",
                                            "command": "teleport @s ~-3.8 ~ ~-1.2"
                                        }
                                    },
                                    {
                                        "weight": 1,
                                        "element": {
                                            "type": "origins:execute_command",
                                            "command": "teleport @s ~5 ~ ~"
                                        }
                                    },
                                    {
                                        "weight": 1,
                                        "element": {
                                            "type": "origins:execute_command",
                                            "command": "teleport @s ~-5 ~ ~"
                                        }
                                    },
                                    {
                                        "weight": 1,
                                        "element": {
                                            "type": "origins:execute_command",
                                            "command": "teleport @s ~ ~ ~5"
                                        }
                                    },
                                    {
                                        "weight": 1,
                                        "element": {
                                            "type": "origins:execute_command",
                                            "command": "teleport @s ~ ~ ~-5"
                                        }
                                    },
                                    {
                                        "weight": 1,
                                        "element": {
                                            "type": "origins:execute_command",
                                            "command": "teleport @s ~3.5 ~ ~3.5"
                                        }
                                    },
                                    {
                                        "weight": 1,
                                        "element": {
                                            "type": "origins:execute_command",
                                            "command": "teleport @s ~-3.5 ~ ~3.5"
                                        }
                                    },
                                    {
                                        "weight": 1,
                                        "element": {
                                            "type": "origins:execute_command",
                                            "command": "teleport @s ~3.5 ~ ~-3.5"
                                        }
                                    },
                                    {
                                        "weight": 1,
                                        "element": {
                                            "type": "origins:execute_command",
                                            "command": "teleport @s ~-3.5 ~ ~-3.5"
                                        }
                                    },
                                    {
                                        "weight": 1,
                                        "element": {
                                            "type": "origins:execute_command",
                                            "command": "teleport @s ~1.5 ~ ~4.7"
                                        }
                                    },
                                    {
                                        "weight": 1,
                                        "element": {
                                            "type": "origins:execute_command",
                                            "command": "teleport @s ~-1.5 ~ ~4.7"
                                        }
                                    },
                                    {
                                        "weight": 1,
                                        "element": {
                                            "type": "origins:execute_command",
                                            "command": "teleport @s ~1.5 ~ ~-4.7"
                                        }
                                    },
                                    {
                                        "weight": 1,
                                        "element": {
                                            "type": "origins:execute_command",
                                            "command": "teleport @s ~-1.5 ~ ~-4.7"
                                        }
                                    },
                                    {
                                        "weight": 1,
                                        "element": {
                                            "type": "origins:execute_command",
                                            "command": "teleport @s ~4.7 ~ ~1.5"
                                        }
                                    },
                                    {
                                        "weight": 1,
                                        "element": {
                                            "type": "origins:execute_command",
                                            "command": "teleport @s ~-4.7 ~ ~1.5"
                                        }
                                    },
                                    {
                                        "weight": 1,
                                        "element": {
                                            "type": "origins:execute_command",
                                            "command": "teleport @s ~4.7 ~ ~-1.5"
                                        }
                                    },
                                    {
                                        "weight": 1,
                                        "element": {
                                            "type": "origins:execute_command",
                                            "command": "teleport @s ~-4.7 ~ ~-1.5"
                                        }
                                    },
                                    {
                                        "weight": 1,
                                        "element": {
                                            "type": "origins:execute_command",
                                            "command": "teleport @s ~6 ~ ~"
                                        }
                                    },
                                    {
                                        "weight": 1,
                                        "element": {
                                            "type": "origins:execute_command",
                                            "command": "teleport @s ~-6 ~ ~"
                                        }
                                    },
                                    {
                                        "weight": 1,
                                        "element": {
                                            "type": "origins:execute_command",
                                            "command": "teleport @s ~ ~ ~6"
                                        }
                                    },
                                    {
                                        "weight": 1,
                                        "element": {
                                            "type": "origins:execute_command",
                                            "command": "teleport @s ~ ~ ~-6"
                                        }
                                    },
                                    {
                                        "weight": 1,
                                        "element": {
                                            "type": "origins:execute_command",
                                            "command": "teleport @s ~4.2 ~ ~4.2"
                                        }
                                    },
                                    {
                                        "weight": 1,
                                        "element": {
                                            "type": "origins:execute_command",
                                            "command": "teleport @s ~-4.2 ~ ~4.2"
                                        }
                                    },
                                    {
                                        "weight": 1,
                                        "element": {
                                            "type": "origins:execute_command",
                                            "command": "teleport @s ~4.2 ~ ~-4.2"
                                        }
                                    },
                                    {
                                        "weight": 1,
                                        "element": {
                                            "type": "origins:execute_command",
                                            "command": "teleport @s ~-4.2 ~ ~-4.2"
                                        }
                                    },
                                    {
                                        "weight": 1,
                                        "element": {
                                            "type": "origins:execute_command",
                                            "command": "teleport @s ~1.8 ~ ~5.6"
                                        }
                                    },
                                    {
                                        "weight": 1,
                                        "element": {
                                            "type": "origins:execute_command",
                                            "command": "teleport @s ~-1.8 ~ ~5.6"
                                        }
                                    },
                                    {
                                        "weight": 1,
                                        "element": {
                                            "type": "origins:execute_command",
                                            "command": "teleport @s ~1.8 ~ ~-5.6"
                                        }
                                    },
                                    {
                                        "weight": 1,
                                        "element": {
                                            "type": "origins:execute_command",
                                            "command": "teleport @s ~-1.8 ~ ~-5.6"
                                        }
                                    },
                                    {
                                        "weight": 1,
                                        "element": {
                                            "type": "origins:execute_command",
                                            "command": "teleport @s ~5.6 ~ ~1.8"
                                        }
                                    },
                                    {
                                        "weight": 1,
                                        "element": {
                                            "type": "origins:execute_command",
                                            "command": "teleport @s ~-5.6 ~ ~1.8"
                                        }
                                    },
                                    {
                                        "weight": 1,
                                        "element": {
                                            "type": "origins:execute_command",
                                            "command": "teleport @s ~5.6 ~ ~-1.8"
                                        }
                                    },
                                    {
                                        "weight": 1,
                                        "element": {
                                            "type": "origins:execute_command",
                                            "command": "teleport @s ~-5.6 ~ ~-1.8"
                                        }
                                    },
                                    {
                                        "weight": 1,
                                        "element": {
                                            "type": "origins:execute_command",
                                            "command": "teleport @s ~7 ~ ~"
                                        }
                                    },
                                    {
                                        "weight": 1,
                                        "element": {
                                            "type": "origins:execute_command",
                                            "command": "teleport @s ~-7 ~ ~"
                                        }
                                    },
                                    {
                                        "weight": 1,
                                        "element": {
                                            "type": "origins:execute_command",
                                            "command": "teleport @s ~ ~ ~7"
                                        }
                                    },
                                    {
                                        "weight": 1,
                                        "element": {
                                            "type": "origins:execute_command",
                                            "command": "teleport @s ~ ~ ~-7"
                                        }
                                    },
                                    {
                                        "weight": 1,
                                        "element": {
                                            "type": "origins:execute_command",
                                            "command": "teleport @s ~5 ~ ~5"
                                        }
                                    },
                                    {
                                        "weight": 1,
                                        "element": {
                                            "type": "origins:execute_command",
                                            "command": "teleport @s ~-5 ~ ~5"
                                        }
                                    },
                                    {
                                        "weight": 1,
                                        "element": {
                                            "type": "origins:execute_command",
                                            "command": "teleport @s ~5 ~ ~-5"
                                        }
                                    },
                                    {
                                        "weight": 1,
                                        "element": {
                                            "type": "origins:execute_command",
                                            "command": "teleport @s ~-5 ~ ~-5"
                                        }
                                    },
                                    {
                                        "weight": 1,
                                        "element": {
                                            "type": "origins:execute_command",
                                            "command": "teleport @s ~2.2 ~ ~6.6"
                                        }
                                    },
                                    {
                                        "weight": 1,
                                        "element": {
                                            "type": "origins:execute_command",
                                            "command": "teleport @s ~-2.2 ~ ~6.6"
                                        }
                                    },
                                    {
                                        "weight": 1,
                                        "element": {
                                            "type": "origins:execute_command",
                                            "command": "teleport @s ~2.2 ~ ~-6.6"
                                        }
                                    },
                                    {
                                        "weight": 1,
                                        "element": {
                                            "type": "origins:execute_command",
                                            "command": "teleport @s ~-2.2 ~ ~-6.6"
                                        }
                                    },
                                    {
                                        "weight": 1,
                                        "element": {
                                            "type": "origins:execute_command",
                                            "command": "teleport @s ~6.6 ~ ~2.2"
                                        }
                                    },
                                    {
                                        "weight": 1,
                                        "element": {
                                            "type": "origins:execute_command",
                                            "command": "teleport @s ~-6.6 ~ ~2.2"
                                        }
                                    },
                                    {
                                        "weight": 1,
                                        "element": {
                                            "type": "origins:execute_command",
                                            "command": "teleport @s ~6.6 ~ ~-2.2"
                                        }
                                    },
                                    {
                                        "weight": 1,
                                        "element": {
                                            "type": "origins:execute_command",
                                            "command": "teleport @s ~-5.6 ~ ~-2.2"
                                        }
                                    },
                                    {
                                        "weight": 1,
                                        "element": {
                                            "type": "origins:execute_command",
                                            "command": "teleport @s ~-7.5 ~ ~-2.5"
                                        }
                                    },
                                    {
                                        "weight": 1,
                                        "element": {
                                            "type": "origins:execute_command",
                                            "command": "teleport @s ~8 ~ ~"
                                        }
                                    },
                                    {
                                        "weight": 1,
                                        "element": {
                                            "type": "origins:execute_command",
                                            "command": "teleport @s ~-8 ~ ~"
                                        }
                                    },
                                    {
                                        "weight": 1,
                                        "element": {
                                            "type": "origins:execute_command",
                                            "command": "teleport @s ~ ~ ~8"
                                        }
                                    },
                                    {
                                        "weight": 1,
                                        "element": {
                                            "type": "origins:execute_command",
                                            "command": "teleport @s ~ ~ ~-8"
                                        }
                                    },
                                    {
                                        "weight": 1,
                                        "element": {
                                            "type": "origins:execute_command",
                                            "command": "teleport @s ~5.6 ~ ~5.6"
                                        }
                                    },
                                    {
                                        "weight": 1,
                                        "element": {
                                            "type": "origins:execute_command",
                                            "command": "teleport @s ~-5.6 ~ ~5.6"
                                        }
                                    },
                                    {
                                        "weight": 1,
                                        "element": {
                                            "type": "origins:execute_command",
                                            "command": "teleport @s ~5.6 ~ ~-5.6"
                                        }
                                    },
                                    {
                                        "weight": 1,
                                        "element": {
                                            "type": "origins:execute_command",
                                            "command": "teleport @s ~-5.6 ~ ~-5.6"
                                        }
                                    },
                                    {
                                        "weight": 1,
                                        "element": {
                                            "type": "origins:execute_command",
                                            "command": "teleport @s ~2.5 ~ ~7.5"
                                        }
                                    },
                                    {
                                        "weight": 1,
                                        "element": {
                                            "type": "origins:execute_command",
                                            "command": "teleport @s ~-2.5 ~ ~7.5"
                                        }
                                    },
                                    {
                                        "weight": 1,
                                        "element": {
                                            "type": "origins:execute_command",
                                            "command": "teleport @s ~2.5 ~ ~-7.5"
                                        }
                                    },
                                    {
                                        "weight": 1,
                                        "element": {
                                            "type": "origins:execute_command",
                                            "command": "teleport @s ~-2.5 ~ ~-7.5"
                                        }
                                    },
                                    {
                                        "weight": 1,
                                        "element": {
                                            "type": "origins:execute_command",
                                            "command": "teleport @s ~7.5 ~ ~2.5"
                                        }
                                    },
                                    {
                                        "weight": 1,
                                        "element": {
                                            "type": "origins:execute_command",
                                            "command": "teleport @s ~-7.5 ~ ~2.5"
                                        }
                                    },
                                    {
                                        "weight": 1,
                                        "element": {
                                            "type": "origins:execute_command",
                                            "command": "teleport @s ~7.5 ~ ~-2.5"
                                        }
                                    }
                                ]
                            },
                            {
                                "type": "origins:play_sound",
                                "sound": "entity.enderman.teleport",
                                "volume": 1,
                                "pitch": 1
                            }
                        ]
                    },
                    {
                        "type": "origins:play_sound",
                        "sound": "entity.vex.charge",
                        "volume": 1,
                        "pitch": 0.6
                    }
                ]
            }
        }
    },
    "cooldown": 60,
    "hud_render": {
        "should_render": true,
        "sprite_location": "origins:textures/gui/community/spiderkolo/resource_bar_01.png",
        "bar_index": 24
    },
    "key": {
        "key": "key.loadToolbarActivator"
    }
}