{
    "name": "Somewhere In You",
    "description": "You can posses mobs and entities with your secondary, and then un-posses them with your primary.",
    "type": "origins:multiple",
    "spellbook_active_7": {
        "condition": {
            "type": "origins:and",
            "conditions": [
                {
                    "type": "origins:resource",
                    "resource": "*:possession_resource",
                    "comparison": "<=",
                    "compare_to": 0
                },
                {
                    "type": "origins:resource",
                    "resource": "*:possesion_resource",
                    "comparison": "<=",
                    "compare_to": 0
                }
            ]
        },
        "type": "origins:active_self",
        "entity_action": {
            "type": "origins:and",
            "actions": [
                {
                    "type": "origins:execute_command",
                    "command": "execute at @s run tag @e[limit=1,distance=..4.5] add possessTarget",
                    "permission_level": 4
                },
                {
                    "type": "origins:execute_command",
                    "command": "execute at @s run data merge entity @e[tag=possessTarget,limit=1,distance=..6.5] {NoAI:1,Silent:1,Invulnerable:1}",
                    "permission_level": 4
                },
                {
                    "type": "origins:delay",
                    "action": {
                        "type": "origins:change_resource",
                        "resource": "*:possession_resource",
                        "change": 1,
                        "operation": "add"
                    },
                    "ticks": 10
                },
                {
                    "type": "origins:execute_command",
                    "command": "execute as @s run team join ghost",
                    "permission_level": 4
                },
                {
                    "type": "origins:execute_command",
                    "command": "execute as @e[tag=possessTarget,limit=1,distance=..8] run team join ghost",
                    "permission_level": 4
                },
                {
                    "type": "origins:execute_command",
                    "command": "team modify ghost collisionRule never",
                    "permission_level": 4
                }
            ]
        },
        "cooldown": 20,
        "hud_render": {
            "should_render": true,
            "sprite_location": "origins:textures/gui/community/spiderkolo/resource_bar_01.png",
            "bar_index": 4
        },
        "key": {
            "key": "key.origins.secondary_active"
        }
    },
    "possession_status_effects": {
        "condition": {
            "type": "origins:resource",
            "resource": "*:possession_resource",
            "comparison": ">",
            "compare_to": 0
        },
        "type": "origins:stacking_status_effect",
        "min_stacks": 2,
        "max_stacks": 2,
        "duration_per_stack": 10,
        "tick_rate": 10,
        "effects": [
            {
                "effect": "minecraft:strength",
                "duration": 100,
                "amplifier": 0,
                "is_ambient": true,
                "show_particles": false,
                "show_icon": true
            }
        ]
    },
    "toggle": {
        "type": "origins:toggle",
        "active_by_default": false,
        "key": {
            "key": "key.origins.secondary_active",
            "continuous": false
        },
        "retain_state": true
    },
    "possession_friends": {
        "condition": {
            "type": "origins:resource",
            "resource": "*:possession_resource",
            "comparison": ">",
            "compare_to": 0
        },
        "type": "origins:action_over_time",
        "interval": 5,
        "entity_action": {
            "type": "origins:execute_command",
            "command": "execute as @e[distance=..8] run team join ghost",
            "permission_level": 4
        }
    },
    "possession_end": {
        "condition": {
            "type": "origins:and",
            "conditions": [
                {
                    "type": "origins:resource",
                    "resource": "*:possession_resource",
                    "comparison": "==",
                    "compare_to": 1
                },
                {
                    "type": "origins:resource",
                    "resource": "*:possesion_resource",
                    "comparison": "<=",
                    "compare_to": 0
                }
            ]
        },
        "type": "origins:active_self",
        "entity_action": {
            "type": "origins:and",
            "actions": [
                {
                    "type": "origins:execute_command",
                    "command": "execute at @s run data merge entity @e[tag=possessTarget,limit=1,distance=..8] {NoAI:0,Silent:0,Invulnerable:0}",
                    "permission_level": 4
                },
                {
                    "type": "origins:execute_command",
                    "command": "execute as @s run team leave @s",
                    "permission_level": 4
                },
                {
                    "type": "origins:execute_command",
                    "command": "execute as @e[tag=possessTarget,limit=1,distance=..8] run team leave @s",
                    "permission_level": 4
                },
                {
                    "type": "origins:execute_command",
                    "command": "execute at @s run tag @e[limit=1,distance=..8,tag=possessTarget] remove possessTarget",
                    "permission_level": 4
                },
                {
                    "type": "origins:change_resource",
                    "resource": "*:possession_resource",
                    "change": -1,
                    "operation": "add"
                }
            ]
        },
        "cooldown": 60,
        "hud_render": {
            "should_render": false
        },
        "key": {
            "key": "key.origins.primary_active"
        }
    },
    "possession_failed": {
        "condition": {
            "type": "origins:and",
            "conditions": [
                {
                    "type": "origins:resource",
                    "resource": "*:possession_resource",
                    "comparison": ">=",
                    "compare_to": 0
                },
                {
                    "type": "origins:resource",
                    "resource": "*:possesion_resource",
                    "comparison": "<=",
                    "compare_to": 0
                }
            ]
        },
        "type": "origins:active_self",
        "entity_action": {
            "type": "origins:and",
            "actions": [
                {
                    "type": "origins:delay",
                    "action": {
                        "type": "origins:execute_command",
                        "command": "execute at @s run playsound minecraft:entity.illusioner.mirror_move master @a[distance=..4] ~ ~ ~ 1 1.4",
                        "permission_level": 4
                    },
                    "ticks": 7
                },
                {
                    "type": "origins:delay",
                    "action": {
                        "type": "origins:execute_command",
                        "command": "execute at @s run playsound minecraft:entity.vex.charge master @a[distance=..4] ~ ~ ~ 1 1.4",
                        "permission_level": 4
                    },
                    "ticks": 7
                },
                {
                    "type": "origins:delay",
                    "action": {
                        "type": "origins:execute_command",
                        "command": "execute at @s run particle dust .1 .4 .5 1 ~ ~-1 ~ 0.5 1.4 0.5 0 500",
                        "permission_level": 4
                    },
                    "ticks": 7
                }
            ]
        },
        "cooldown": 0,
        "hud_render": {
            "should_render": false
        },
        "key": {
            "key": "key.origins.secondary_active"
        }
    },
    "possessiontp_active_timer": {
        "condition": {
            "type": "origins:resource",
            "resource": "*:possession_resource",
            "comparison": ">",
            "compare_to": 0
        },
        "type": "origins:action_over_time",
        "interval": 1,
        "entity_action": {
            "type": "origins:execute_command",
            "command": "execute as @s run tp @e[tag=possessTarget,limit=1,distance=..6.5] ~ ~ ~ ~ ~",
            "permission_level": 4
        }
    },
    "possession_model": {
        "condition": {
            "type": "origins:resource",
            "resource": "*:possession_resource",
            "comparison": ">",
            "compare_to": 0
        },
        "type": "origins:invisibility",
        "render_armor": false
    }
}