{
    "name": "Iceologer",
    "description": "An illager that lives among the snowy mountains.\nLegends say that he's still plotting revenge\nafter the other illagers left him there to die.",
    "powers": [
        "iceologer:freezer",
        "iceologer:frosty",
        "iceologer:frostbreath",
        "iceologer:icehands",
        "iceologer:illager",
        "iceologer:waeh",
        "iceologer:freezingbody"
    ],
    "icon": {
        "item": "minecraft:blue_ice",
        "amount": 1
    },
    "impact": 3
}