{
    "name": "Poison Injecting Arms",
    "description": "Your kind hunts using their sharp bones at the end of their fingers which inject poison into your victim. You don't like light that much so you can't produce poison while not in the dark.",
    "condition": {
        "inverted": true,
        "type": "origins:exposed_to_sun"
    },
    "type": "origins:target_action_on_hit",
    "entity_action": {
        "type": "origins:apply_effect",
        "effects": [
            {
                "effect": "minecraft:poison",
                "duration": 100,
                "amplifier": 2,
                "show_particles": true,
                "show_icon": true
            }
        ]
    },
    "cooldown": 1
}