{
    "name": "Active hunter",
    "description": "Because of your hunting lifestyle, you are a bit bigger than your prey.",
    "type": "origins:action_on_callback",
    "entity_action_chosen": {
        "type": "origins:and",
        "actions": [
            {
                "type": "origins:execute_command",
                "command": "/scale set pehkui:height 1.2 @s"
            },
            {
                "type": "origins:execute_command",
                "command": "/scale set pehkui:width 1.2 @s"
            }
        ]
    },
    "execute_chosen_when_orb": true,
    "entity_action_added": {
        "type": "origins:and",
        "actions": [
            {
                "type": "origins:execute_command",
                "command": "/scale set pehkui:height 1.2 @s"
            },
            {
                "type": "origins:execute_command",
                "command": "/scale set pehkui:width 1.2 @s"
            }
        ]
    }
}