{
    "name": "Poison Throw",
    "description": "Produce then throw poison from your hands.",
    "badges": [
        {
            "type": "origins:tooltip",
            "text": "Primary",
            "sprite": "origins:textures/gui/badge/active.png"
        }
    ],
    "type": "origins:active_self",
    "entity_action": {
        "type": "origins:raycast",
        "distance": 10,
        "block": true,
        "entity": false,
        "shape_type": "collider",
        "fluid_handling": "any",
        "hit_action": {
            "type": "origins:spawn_effect_cloud",
            "radius": 3,
            "radius_on_use": -0.5,
            "wait_time": 10,
            "effect": {
                "effect": "minecraft:poison",
                "duration": 100,
                "amplifier": 1,
                "show_particles": true,
                "show_icon": true
            }
        }
    },
    "cooldown": 100,
    "hud_render": {
        "should_render": true,
        "bar_index": 9
    },
    "key": "primary"
}